,_SHEET_TYPE,BASECURVE,EURORETAILPRICE,RELEASEDATE,PROTOTYPECODE,GENDER,FRAMECONSTRUCTION,SUNOPTICAL,SIZES,FIT,_BRAND,MATERIALCODE1,BRAND,RXABLE,MATERIALCODE2,COLORCODE,COLORDESCRIPTION,MADEIN,USWHOLESALEPRICE,EUROWHOLESALEPRICE,MATERIALNUMBER,RECOMMENDEDREASONS,USRETAILPRICE,FAMILY,FRAMESHAPE,NOTES,Color_Base,Color_Finish,Is_Multicolor,Date,Glasses_3m_avg_x,Sunglasses_3m_avg_x,acetate frame glasses_x,Calvin Klein frames_x,FSA glasses_x,Lacoste frames_x,metal frame glasses_x,Nike frames_x,Glasses_3m_avg_y,Sunglasses_3m_avg_y,acetate frame glasses_y,Calvin Klein frames_y,FSA glasses_y,Lacoste frames_y,metal frame glasses_y,Nike frames_y
0,Sun,2,"190,00",CALVIN KLEIN - SEP 2024,E11397D1,F,Full,Sun,53-17-145,GLOBAL,Calvin Klein,Plastic,CALVIN KLEIN,True,METAL,1,BLACK,CHINA ONLY,"104,50","86,00",CK24110S,ADV,"209,00",AVANTGARDE,Butterfly,,black,shiny,0,2024-01-01,46.0,19.0,20,75,35,67,39,67,46.0,19.0,20,75,35,67,39,67
1,Sun,2,"190,00",CALVIN KLEIN - SEP 2024,E11397D1,F,Full,Sun,53-17-145,GLOBAL,Calvin Klein,Plastic,CALVIN KLEIN,True,METAL,14,LIGHT GUNMETAL,CHINA ONLY,"104,50","86,00",CK24110S,Potential ADV,"209,00",AVANTGARDE,Butterfly,,grey,shiny,0,2024-01-01,46.0,19.0,20,75,35,67,39,67,46.0,19.0,20,75,35,67,39,67
2,Sun,2,"190,00",CALVIN KLEIN - SEP 2024,E11397D1,F,Full,Sun,53-17-145,GLOBAL,Calvin Klein,Plastic,CALVIN KLEIN,True,METAL,200,BROWN,CHINA ONLY,"104,50","86,00",CK24110S,Potential ADV,"209,00",AVANTGARDE,Butterfly,,brown,shiny,0,2024-01-01,46.0,19.0,20,75,35,67,39,67,46.0,19.0,20,75,35,67,39,67
3,Sun,2,"190,00",CALVIN KLEIN - SEP 2024,E11397D1,F,Full,Sun,53-17-145,GLOBAL,Calvin Klein,Plastic,CALVIN KLEIN,True,METAL,716,LIGHT GOLD,CHINA ONLY,"104,50","86,00",CK24110S,Potential ADV,"209,00",AVANTGARDE,Butterfly,,green,shiny,0,2024-01-01,46.0,19.0,20,75,35,67,39,67,46.0,19.0,20,75,35,67,39,67
4,Sun,2,"190,00",CALVIN KLEIN - SEP 2024,E11397A1,U,Full,Sun,55-18-145,GLOBAL,Calvin Klein,Plastic,CALVIN KLEIN,True,METAL,2,MATTE BLACK,CHINA ONLY,"104,50","86,00",CK24111S,,"209,00",AVANTGARDE,Rectangle,,black,matte,0,2024-01-01,46.0,19.0,20,75,35,67,39,67,46.0,19.0,20,75,35,67,39,67
5,Sun,2,"190,00",CALVIN KLEIN - SEP 2024,E11397A1,U,Full,Sun,55-18-145,GLOBAL,Calvin Klein,Plastic,CALVIN KLEIN,True,METAL,70,amber gold,CHINA ONLY,"104,50","86,00",CK24111S,,"209,00",AVANTGARDE,Rectangle,,gold,shiny,0,2024-01-01,46.0,19.0,20,75,35,67,39,67,46.0,19.0,20,75,35,67,39,67
6,Sun,2,"190,00",CALVIN KLEIN - SEP 2024,E11397A1,U,Full,Sun,55-18-145,GLOBAL,Calvin Klein,Plastic,CALVIN KLEIN,True,METAL,716,LIGHT GOLD,CHINA ONLY,"104,50","86,00",CK24111S,,"209,00",AVANTGARDE,Rectangle,,green,shiny,0,2024-01-01,46.0,19.0,20,75,35,67,39,67,46.0,19.0,20,75,35,67,39,67
7,Sun,2,"190,00",CALVIN KLEIN - SEP 2024,E11397A1,U,Full,Sun,55-18-145,GLOBAL,Calvin Klein,Plastic,CALVIN KLEIN,True,METAL,771,AMBER GOLD,CHINA ONLY,"104,50","86,00",CK24111S,,"209,00",AVANTGARDE,Rectangle,,gold,shiny,0,2024-01-01,46.0,19.0,20,75,35,67,39,67,46.0,19.0,20,75,35,67,39,67
8,Sun,2,"205,00",CALVIN KLEIN - SEP 2024,E11424C1,F,Full,Sun,53-20-145,GLOBAL,Calvin Klein,Plastic,CALVIN KLEIN,False,ACETATE,1,BLACK,CHINA ONLY,"112,50","92,50",CK24531S,Potential ADV,"225,00",AVANTGARDE,Butterfly,,black,shiny,0,2024-01-01,46.0,19.0,20,75,35,67,39,67,46.0,19.0,20,75,35,67,39,67
9,Sun,2,"205,00",CALVIN KLEIN - SEP 2024,E11424C1,F,Full,Sun,53-20-145,GLOBAL,Calvin Klein,Plastic,CALVIN KLEIN,False,ACETATE,240,HAVANA,CHINA ONLY,"112,50","92,50",CK24531S,Potential ADV,"225,00",AVANTGARDE,Butterfly,,tortoise,shiny,0,2024-01-01,46.0,19.0,20,75,35,67,39,67,46.0,19.0,20,75,35,67,39,67
10,Sun,2,"205,00",CALVIN KLEIN - SEP 2024,E11424C1,F,Full,Sun,53-20-145,GLOBAL,Calvin Klein,Plastic,CALVIN KLEIN,False,ACETATE,412,LIGHT AZURE,CHINA ONLY,"112,50","92,50",CK24531S,Potential ADV,"225,00",AVANTGARDE,Butterfly,,blue,shiny,0,2024-01-01,46.0,19.0,20,75,35,67,39,67,46.0,19.0,20,75,35,67,39,67
11,Sun,2,"205,00",CALVIN KLEIN - SEP 2024,E11424C1,F,Full,Sun,53-20-145,GLOBAL,Calvin Klein,Plastic,CALVIN KLEIN,False,ACETATE,601,ROSE,CHINA ONLY,"112,50","92,50",CK24531S,Potential ADV,"225,00",AVANTGARDE,Butterfly,,pink,shiny,0,2024-01-01,46.0,19.0,20,75,35,67,39,67,46.0,19.0,20,75,35,67,39,67
12,Sun,2,"205,00",CALVIN KLEIN - SEP 2024,E11424B1,M,Full,Sun,54-20-145,GLOBAL,Calvin Klein,Plastic,CALVIN KLEIN,False,ACETATE,1,BLACK,CHINA ONLY,"112,50","92,50",CK24532S,Potential ADV,"225,00",AVANTGARDE,Rectangle,,black,shiny,0,2024-01-01,46.0,19.0,20,75,35,67,39,67,46.0,19.0,20,75,35,67,39,67
13,Sun,2,"205,00",CALVIN KLEIN - SEP 2024,E11424B1,M,Full,Sun,54-20-145,GLOBAL,Calvin Klein,Plastic,CALVIN KLEIN,False,ACETATE,235,DARK HAVANA,CHINA ONLY,"112,50","92,50",CK24532S,ADV,"225,00",AVANTGARDE,Rectangle,,tortoise,shiny,0,2024-01-01,46.0,19.0,20,75,35,67,39,67,46.0,19.0,20,75,35,67,39,67
14,Sun,2,"205,00",CALVIN KLEIN - SEP 2024,E11424B1,M,Full,Sun,54-20-145,GLOBAL,Calvin Klein,Plastic,CALVIN KLEIN,False,ACETATE,261,CARAMEL,CHINA ONLY,"112,50","92,50",CK24532S,Potential ADV,"225,00",AVANTGARDE,Rectangle,,other,shiny,0,2024-01-01,46.0,19.0,20,75,35,67,39,67,46.0,19.0,20,75,35,67,39,67
15,Sun,2,"205,00",CALVIN KLEIN - SEP 2024,E11424B1,M,Full,Sun,54-20-145,GLOBAL,Calvin Klein,Plastic,CALVIN KLEIN,False,ACETATE,330,KHAKI,CHINA ONLY,"112,50","92,50",CK24532S,Potential ADV,"225,00",AVANTGARDE,Rectangle,,beige,shiny,0,2024-01-01,46.0,19.0,20,75,35,67,39,67,46.0,19.0,20,75,35,67,39,67
16,Sun,2,"205,00",CALVIN KLEIN - SEP 2024,E8635C1,F,Full,Sun,51-20-145,GLOBAL,Calvin Klein,Plastic,CALVIN KLEIN,False,ACETATE,1,BLACK,CHINA ONLY,"112,50","92,50",CK24533S,,"225,00",AVANTGARDE,Rectangle,,black,shiny,0,2024-01-01,46.0,19.0,20,75,35,67,39,67,46.0,19.0,20,75,35,67,39,67
17,Sun,2,"205,00",CALVIN KLEIN - SEP 2024,E8635C1,F,Full,Sun,51-20-145,GLOBAL,Calvin Klein,Plastic,CALVIN KLEIN,False,ACETATE,2,BLACK/CHARCOAL,CHINA ONLY,"112,50","92,50",CK24533S,,"225,00",AVANTGARDE,Rectangle,,black,shiny,1,2024-01-01,46.0,19.0,20,75,35,67,39,67,46.0,19.0,20,75,35,67,39,67
18,Sun,2,"205,00",CALVIN KLEIN - SEP 2024,E8635C1,F,Full,Sun,51-20-145,GLOBAL,Calvin Klein,Plastic,CALVIN KLEIN,False,ACETATE,240,HAVANA,CHINA ONLY,"112,50","92,50",CK24533S,,"225,00",AVANTGARDE,Rectangle,,tortoise,shiny,0,2024-01-01,46.0,19.0,20,75,35,67,39,67,46.0,19.0,20,75,35,67,39,67
19,Sun,2,"205,00",CALVIN KLEIN - SEP 2024,E8635C1,F,Full,Sun,51-20-145,GLOBAL,Calvin Klein,Plastic,CALVIN KLEIN,False,ACETATE,272,NUDE,CHINA ONLY,"112,50","92,50",CK24533S,,"225,00",AVANTGARDE,Rectangle,,beige,shiny,0,2024-01-01,46.0,19.0,20,75,35,67,39,67,46.0,19.0,20,75,35,67,39,67
20,Sun,2,"205,00",CALVIN KLEIN - SEP 2024,E8635D1,U,Full,Sun,54-19-145,GLOBAL,Calvin Klein,Plastic,CALVIN KLEIN,False,ACETATE,1,BLACK,CHINA ONLY,"112,50","92,50",CK24534S,Potential ADV,"225,00",AVANTGARDE,Cat-eye,,black,shiny,0,2024-01-01,46.0,19.0,20,75,35,67,39,67,46.0,19.0,20,75,35,67,39,67
21,Sun,2,"205,00",CALVIN KLEIN - SEP 2024,E8635D1,U,Full,Sun,54-19-145,GLOBAL,Calvin Klein,Plastic,CALVIN KLEIN,False,ACETATE,235,DARK HAVANA,CHINA ONLY,"112,50","92,50",CK24534S,Potential ADV,"225,00",AVANTGARDE,Cat-eye,,tortoise,shiny,0,2024-01-01,46.0,19.0,20,75,35,67,39,67,46.0,19.0,20,75,35,67,39,67
22,Sun,2,"205,00",CALVIN KLEIN - SEP 2024,E8635D1,U,Full,Sun,54-19-145,GLOBAL,Calvin Klein,Plastic,CALVIN KLEIN,False,ACETATE,278,LIGHT BROWN,CHINA ONLY,"112,50","92,50",CK24534S,Potential ADV,"225,00",AVANTGARDE,Cat-eye,,brown,shiny,0,2024-01-01,46.0,19.0,20,75,35,67,39,67,46.0,19.0,20,75,35,67,39,67
23,Sun,2,"205,00",CALVIN KLEIN - SEP 2024,E8635D1,U,Full,Sun,54-19-145,GLOBAL,Calvin Klein,Plastic,CALVIN KLEIN,False,ACETATE,970,CRYSTAL,CHINA ONLY,"112,50","92,50",CK24534S,Potential ADV,"225,00",AVANTGARDE,Cat-eye,,crystal,shiny,0,2024-01-01,46.0,19.0,20,75,35,67,39,67,46.0,19.0,20,75,35,67,39,67
24,Sun,4,"190,00",CALVIN KLEIN - SEP 2024,E8639G1,F,Full,Sun,55-17-145,GLOBAL,Calvin Klein,Plastic,CALVIN KLEIN,True,ACETATE,2,BLACK/CHARCOAL,CHINA ONLY,"104,50","86,00",CK24535S,,"209,00",AVANTGARDE,Butterfly,,black,shiny,1,2024-01-01,46.0,19.0,20,75,35,67,39,67,46.0,19.0,20,75,35,67,39,67
25,Sun,4,"190,00",CALVIN KLEIN - SEP 2024,E8639G1,F,Full,Sun,55-17-145,GLOBAL,Calvin Klein,Plastic,CALVIN KLEIN,True,ACETATE,226,BROWN/LIGHT BROWN,CHINA ONLY,"104,50","86,00",CK24535S,,"209,00",AVANTGARDE,Butterfly,,brown,shiny,1,2024-01-01,46.0,19.0,20,75,35,67,39,67,46.0,19.0,20,75,35,67,39,67
26,Sun,4,"190,00",CALVIN KLEIN - SEP 2024,E8639G1,F,Full,Sun,55-17-145,GLOBAL,Calvin Klein,Plastic,CALVIN KLEIN,True,ACETATE,240,HAVANA,CHINA ONLY,"104,50","86,00",CK24535S,,"209,00",AVANTGARDE,Butterfly,,tortoise,shiny,0,2024-01-01,46.0,19.0,20,75,35,67,39,67,46.0,19.0,20,75,35,67,39,67
27,Sun,4,"190,00",CALVIN KLEIN - SEP 2024,E8639G1,F,Full,Sun,55-17-145,GLOBAL,Calvin Klein,Plastic,CALVIN KLEIN,True,ACETATE,272,NUDE,CHINA ONLY,"104,50","86,00",CK24535S,,"209,00",AVANTGARDE,Butterfly,,beige,shiny,0,2024-01-01,46.0,19.0,20,75,35,67,39,67,46.0,19.0,20,75,35,67,39,67
28,Sun,2,"190,00",CALVIN KLEIN - SEP 2024,E8639F1,M,Full,Sun,53-19-145,GLOBAL,Calvin Klein,Plastic,CALVIN KLEIN,True,ACETATE,5,BLACK/AVIO,CHINA ONLY,"104,50","86,00",CK24536S,,"209,00",AVANTGARDE,Rectangle,,black,shiny,1,2024-01-01,46.0,19.0,20,75,35,67,39,67,46.0,19.0,20,75,35,67,39,67
29,Sun,2,"190,00",CALVIN KLEIN - SEP 2024,E8639F1,M,Full,Sun,53-19-145,GLOBAL,Calvin Klein,Plastic,CALVIN KLEIN,True,ACETATE,235,DARK HAVANA,CHINA ONLY,"104,50","86,00",CK24536S,,"209,00",AVANTGARDE,Rectangle,,tortoise,shiny,0,2024-01-01,46.0,19.0,20,75,35,67,39,67,46.0,19.0,20,75,35,67,39,67
30,Sun,2,"190,00",CALVIN KLEIN - SEP 2024,E8639F1,M,Full,Sun,53-19-145,GLOBAL,Calvin Klein,Plastic,CALVIN KLEIN,True,ACETATE,280,LIGHT BROWN/CRYSTAL,CHINA ONLY,"104,50","86,00",CK24536S,,"209,00",AVANTGARDE,Rectangle,,brown,shiny,1,2024-01-01,46.0,19.0,20,75,35,67,39,67,46.0,19.0,20,75,35,67,39,67
31,Sun,2,"190,00",CALVIN KLEIN - SEP 2024,E8639F1,M,Full,Sun,53-19-145,GLOBAL,Calvin Klein,Plastic,CALVIN KLEIN,True,ACETATE,434,PETROL/SMOKE,CHINA ONLY,"104,50","86,00",CK24536S,,"209,00",AVANTGARDE,Rectangle,,blue,shiny,1,2024-01-01,46.0,19.0,20,75,35,67,39,67,46.0,19.0,20,75,35,67,39,67
32,Sun,4,"180,00",CALVIN KLEIN - SEP 2024,E8640H1,F,Full,Sun,55-15-145,GLOBAL,Calvin Klein,Plastic,CALVIN KLEIN,True,ACETATE,1,BLACK,CHINA ONLY,"99,50","82,00",CK24537S,,"199,00",CLASSIC,Rectangle,,black,shiny,0,2024-01-01,46.0,19.0,20,75,35,67,39,67,46.0,19.0,20,75,35,67,39,67
33,Sun,4,"180,00",CALVIN KLEIN - SEP 2024,E8640H1,F,Full,Sun,55-15-145,GLOBAL,Calvin Klein,Plastic,CALVIN KLEIN,True,ACETATE,219,MILKY BROWN HAVANA,CHINA ONLY,"99,50","82,00",CK24537S,,"199,00",CLASSIC,Rectangle,,tortoise,shiny,0,2024-01-01,46.0,19.0,20,75,35,67,39,67,46.0,19.0,20,75,35,67,39,67
34,Sun,4,"180,00",CALVIN KLEIN - SEP 2024,E8640H1,F,Full,Sun,55-15-145,GLOBAL,Calvin Klein,Plastic,CALVIN KLEIN,True,ACETATE,233,HAVANA/BLACK,CHINA ONLY,"99,50","82,00",CK24537S,,"199,00",CLASSIC,Rectangle,,tortoise,shiny,1,2024-01-01,46.0,19.0,20,75,35,67,39,67,46.0,19.0,20,75,35,67,39,67
35,Sun,4,"180,00",CALVIN KLEIN - SEP 2024,E8640H1,F,Full,Sun,55-15-145,GLOBAL,Calvin Klein,Plastic,CALVIN KLEIN,True,ACETATE,461,BLUE HAVANA/HAVANA,CHINA ONLY,"99,50","82,00",CK24537S,,"199,00",CLASSIC,Rectangle,,tortoise,shiny,1,2024-01-01,46.0,19.0,20,75,35,67,39,67,46.0,19.0,20,75,35,67,39,67
36,Sun,4,"180,00",CALVIN KLEIN - SEP 2024,E8640G1,U,Full,Sun,51-20-145,GLOBAL,Calvin Klein,Plastic,CALVIN KLEIN,True,ACETATE,1,BLACK,CHINA ONLY,"99,50","82,00",CK24538S,,"199,00",CLASSIC,P-3,,black,shiny,0,2024-01-01,46.0,19.0,20,75,35,67,39,67,46.0,19.0,20,75,35,67,39,67
37,Sun,4,"180,00",CALVIN KLEIN - SEP 2024,E8640G1,U,Full,Sun,51-20-145,GLOBAL,Calvin Klein,Plastic,CALVIN KLEIN,True,ACETATE,233,HAVANA/BLACK,CHINA ONLY,"99,50","82,00",CK24538S,,"199,00",CLASSIC,P-3,,tortoise,shiny,1,2024-01-01,46.0,19.0,20,75,35,67,39,67,46.0,19.0,20,75,35,67,39,67
38,Sun,4,"180,00",CALVIN KLEIN - SEP 2024,E8640G1,U,Full,Sun,51-20-145,GLOBAL,Calvin Klein,Plastic,CALVIN KLEIN,True,ACETATE,235,DARK HAVANA,CHINA ONLY,"99,50","82,00",CK24538S,,"199,00",CLASSIC,P-3,,tortoise,shiny,0,2024-01-01,46.0,19.0,20,75,35,67,39,67,46.0,19.0,20,75,35,67,39,67
39,Sun,4,"180,00",CALVIN KLEIN - SEP 2024,E8640G1,U,Full,Sun,51-20-145,GLOBAL,Calvin Klein,Plastic,CALVIN KLEIN,True,ACETATE,255,HONEY HAVANA/HONEY,CHINA ONLY,"99,50","82,00",CK24538S,,"199,00",CLASSIC,P-3,,tortoise,shiny,1,2024-01-01,46.0,19.0,20,75,35,67,39,67,46.0,19.0,20,75,35,67,39,67
40,Sun,4,"150,00",CALVIN KLEIN - SEP 2024,E11400A1,U,Full,Sun,53-18-145,GLOBAL,Calvin Klein,Plastic,CALVIN KLEIN,True,BIO INJ-G820,1,BLACK,VIETNAM ONLY,"82,50","68,00",CK24539S,Sustainable style,"165,00",MODERN,Oval,,black,shiny,0,2024-01-01,46.0,19.0,20,75,35,67,39,67,46.0,19.0,20,75,35,67,39,67
41,Sun,4,"150,00",CALVIN KLEIN - SEP 2024,E11400A1,U,Full,Sun,53-18-145,GLOBAL,Calvin Klein,Plastic,CALVIN KLEIN,True,BIO INJ-G820,235,DARK HAVANA,VIETNAM ONLY,"82,50","68,00",CK24539S,Sustainable style,"165,00",MODERN,Oval,,tortoise,shiny,0,2024-01-01,46.0,19.0,20,75,35,67,39,67,46.0,19.0,20,75,35,67,39,67
42,Sun,4,"150,00",CALVIN KLEIN - SEP 2024,E11400A1,U,Full,Sun,53-18-145,GLOBAL,Calvin Klein,Plastic,CALVIN KLEIN,True,BIO INJ-G820,261,CARAMEL,VIETNAM ONLY,"82,50","68,00",CK24539S,Sustainable style,"165,00",MODERN,Oval,,other,shiny,0,2024-01-01,46.0,19.0,20,75,35,67,39,67,46.0,19.0,20,75,35,67,39,67
43,Sun,4,"150,00",CALVIN KLEIN - SEP 2024,E11400A1,U,Full,Sun,53-18-145,GLOBAL,Calvin Klein,Plastic,CALVIN KLEIN,True,BIO INJ-G820,413,AZURE,VIETNAM ONLY,"82,50","68,00",CK24539S,Sustainable style,"165,00",MODERN,Oval,,blue,shiny,0,2024-01-01,46.0,19.0,20,75,35,67,39,67,46.0,19.0,20,75,35,67,39,67
44,Optical,4,"195,00",CALVIN KLEIN - SEP 2024,E8963D1,F,Full,Optical,55-17-140,UNIVERSAL,Calvin Klein,Plastic,CALVIN KLEIN,True,METAL,41,SILVER/BLACK,CHINA ONLY,"93,00","71,50",CK24112,,"250,00",AVANTGARDE,Square,,silver,shiny,1,2024-01-01,46.0,19.0,20,75,35,67,39,67,46.0,19.0,20,75,35,67,39,67
45,Optical,4,"195,00",CALVIN KLEIN - SEP 2024,E8963D1,F,Full,Optical,55-17-140,UNIVERSAL,Calvin Klein,Plastic,CALVIN KLEIN,True,METAL,719,GOLD/IVORY,CHINA ONLY,"93,00","71,50",CK24112,,"250,00",AVANTGARDE,Square,,gold,shiny,1,2024-01-01,46.0,19.0,20,75,35,67,39,67,46.0,19.0,20,75,35,67,39,67
46,Optical,4,"195,00",CALVIN KLEIN - SEP 2024,E8963D1,F,Full,Optical,55-17-140,UNIVERSAL,Calvin Klein,Plastic,CALVIN KLEIN,True,METAL,772,ROSE GOLD/LAVANDER,CHINA ONLY,"93,00","71,50",CK24112,,"250,00",AVANTGARDE,Square,,gold,shiny,1,2024-01-01,46.0,19.0,20,75,35,67,39,67,46.0,19.0,20,75,35,67,39,67
47,Optical,4,"195,00",CALVIN KLEIN - SEP 2024,E8963D1,F,Full,Optical,55-17-140,UNIVERSAL,Calvin Klein,Plastic,CALVIN KLEIN,True,METAL,783,AMBER GOLD/NUDE,CHINA ONLY,"93,00","71,50",CK24112,,"250,00",AVANTGARDE,Square,,gold,shiny,1,2024-01-01,46.0,19.0,20,75,35,67,39,67,46.0,19.0,20,75,35,67,39,67
48,Optical,4,"190,00",CALVIN KLEIN - SEP 2024,E8965A2,M,Full,Optical,50-19-145,UNIVERSAL,Calvin Klein,Plastic,CALVIN KLEIN,True,METAL,25,GREY HAVANA,CHINA ONLY,"92,50","71,00",CK24113,Potential ADV,"250,00",CLASSIC,Rectangle,,tortoise,shiny,0,2024-01-01,46.0,19.0,20,75,35,67,39,67,46.0,19.0,20,75,35,67,39,67
49,Optical,4,"190,00",CALVIN KLEIN - SEP 2024,E8965A2,M,Full,Optical,50-19-145,UNIVERSAL,Calvin Klein,Plastic,CALVIN KLEIN,True,METAL,235,DARK HAVANA,CHINA ONLY,"92,50","71,00",CK24113,Potential ADV,"250,00",CLASSIC,Rectangle,,tortoise,shiny,0,2024-01-01,46.0,19.0,20,75,35,67,39,67,46.0,19.0,20,75,35,67,39,67
50,Optical,4,"190,00",CALVIN KLEIN - SEP 2024,E8965A2,M,Full,Optical,50-19-145,UNIVERSAL,Calvin Klein,Plastic,CALVIN KLEIN,True,METAL,240,HAVANA,CHINA ONLY,"92,50","71,00",CK24113,Potential ADV,"250,00",CLASSIC,Rectangle,,tortoise,shiny,0,2024-01-01,46.0,19.0,20,75,35,67,39,67,46.0,19.0,20,75,35,67,39,67
51,Optical,4,"190,00",CALVIN KLEIN - SEP 2024,E8965A2,M,Full,Optical,50-19-145,UNIVERSAL,Calvin Klein,Plastic,CALVIN KLEIN,True,METAL,265,BLONDE HAVANA,CHINA ONLY,"92,50","71,00",CK24113,Potential ADV,"250,00",CLASSIC,Rectangle,,tortoise,shiny,0,2024-01-01,46.0,19.0,20,75,35,67,39,67,46.0,19.0,20,75,35,67,39,67
52,Optical,4,"190,00",CALVIN KLEIN - SEP 2024,E8965C1,U,Full,Optical,49-19-145,UNIVERSAL,Calvin Klein,Plastic,CALVIN KLEIN,False,METAL,25,GREY HAVANA,CHINA ONLY,"92,50","71,00",CK24114,ADV; Brand DNA,"250,00",CLASSIC,Round,,tortoise,shiny,0,2024-01-01,46.0,19.0,20,75,35,67,39,67,46.0,19.0,20,75,35,67,39,67
53,Optical,4,"190,00",CALVIN KLEIN - SEP 2024,E8965C1,U,Full,Optical,49-19-145,UNIVERSAL,Calvin Klein,Plastic,CALVIN KLEIN,False,METAL,235,DARK HAVANA,CHINA ONLY,"92,50","71,00",CK24114,Potential ADV; Brand DNA,"250,00",CLASSIC,Round,,tortoise,shiny,0,2024-01-01,46.0,19.0,20,75,35,67,39,67,46.0,19.0,20,75,35,67,39,67
54,Optical,4,"190,00",CALVIN KLEIN - SEP 2024,E8965C1,U,Full,Optical,49-19-145,UNIVERSAL,Calvin Klein,Plastic,CALVIN KLEIN,False,METAL,265,BLONDE HAVANA,CHINA ONLY,"92,50","71,00",CK24114,Potential ADV; Brand DNA,"250,00",CLASSIC,Round,,tortoise,shiny,0,2024-01-01,46.0,19.0,20,75,35,67,39,67,46.0,19.0,20,75,35,67,39,67
55,Optical,4,"190,00",CALVIN KLEIN - SEP 2024,E11427A1,U,Full,Optical,49-19-145,UNIVERSAL,Calvin Klein,Plastic,CALVIN KLEIN,True,METAL,45,SILVER,CHINA ONLY,"92,50","71,00",CK24115,,"250,00",CLASSIC,Oval,,silver,shiny,0,2024-01-01,46.0,19.0,20,75,35,67,39,67,46.0,19.0,20,75,35,67,39,67
56,Optical,4,"190,00",CALVIN KLEIN - SEP 2024,E11427A1,U,Full,Optical,49-19-145,UNIVERSAL,Calvin Klein,Plastic,CALVIN KLEIN,True,METAL,717,GOLD,CHINA ONLY,"92,50","71,00",CK24115,,"250,00",CLASSIC,Oval,,gold,shiny,0,2024-01-01,46.0,19.0,20,75,35,67,39,67,46.0,19.0,20,75,35,67,39,67
57,Optical,4,"190,00",CALVIN KLEIN - SEP 2024,E11427A1,U,Full,Optical,49-19-145,UNIVERSAL,Calvin Klein,Plastic,CALVIN KLEIN,True,METAL,770,ROSE GOLD,CHINA ONLY,"92,50","71,00",CK24115,,"250,00",CLASSIC,Oval,,gold,shiny,0,2024-01-01,46.0,19.0,20,75,35,67,39,67,46.0,19.0,20,75,35,67,39,67
58,Optical,4,"190,00",CALVIN KLEIN - SEP 2024,E8223H1,M,Full,Optical,51-20-145,GLOBAL,Calvin Klein,Plastic,CALVIN KLEIN,True,ACETATE,1,BLACK,CHINA ONLY,"92,50","71,00",CK24540,,"250,00",AVANTGARDE,Rectangle,,black,shiny,0,2024-01-01,46.0,19.0,20,75,35,67,39,67,46.0,19.0,20,75,35,67,39,67
59,Optical,4,"190,00",CALVIN KLEIN - SEP 2024,E8223H1,M,Full,Optical,51-20-145,GLOBAL,Calvin Klein,Plastic,CALVIN KLEIN,True,ACETATE,235,DARK HAVANA,CHINA ONLY,"92,50","71,00",CK24540,,"250,00",AVANTGARDE,Rectangle,,tortoise,shiny,0,2024-01-01,46.0,19.0,20,75,35,67,39,67,46.0,19.0,20,75,35,67,39,67
60,Optical,4,"190,00",CALVIN KLEIN - SEP 2024,E8223H1,M,Full,Optical,51-20-145,GLOBAL,Calvin Klein,Plastic,CALVIN KLEIN,True,ACETATE,254,HONEY,CHINA ONLY,"92,50","71,00",CK24540,,"250,00",AVANTGARDE,Rectangle,,other,shiny,0,2024-01-01,46.0,19.0,20,75,35,67,39,67,46.0,19.0,20,75,35,67,39,67
61,Optical,4,"190,00",CALVIN KLEIN - SEP 2024,E8223H1,M,Full,Optical,51-20-145,GLOBAL,Calvin Klein,Plastic,CALVIN KLEIN,True,ACETATE,438,BLUE,CHINA ONLY,"92,50","71,00",CK24540,,"250,00",AVANTGARDE,Rectangle,,blue,shiny,0,2024-01-01,46.0,19.0,20,75,35,67,39,67,46.0,19.0,20,75,35,67,39,67
62,Optical,4,"190,00",CALVIN KLEIN - SEP 2024,E8644E1,F,Full,Optical,53-16-140,UNIVERSAL,Calvin Klein,Plastic,CALVIN KLEIN,True,ACETATE,1,BLACK,CHINA ONLY,"90,50","69,50",CK24541,Potential ADV,"245,00",AVANTGARDE,Rectangle,,black,shiny,0,2024-01-01,46.0,19.0,20,75,35,67,39,67,46.0,19.0,20,75,35,67,39,67
63,Optical,4,"190,00",CALVIN KLEIN - SEP 2024,E8644E1,F,Full,Optical,53-16-140,UNIVERSAL,Calvin Klein,Plastic,CALVIN KLEIN,True,ACETATE,240,HAVANA,CHINA ONLY,"90,50","69,50",CK24541,ADV,"245,00",AVANTGARDE,Rectangle,,tortoise,shiny,0,2024-01-01,46.0,19.0,20,75,35,67,39,67,46.0,19.0,20,75,35,67,39,67
64,Optical,4,"190,00",CALVIN KLEIN - SEP 2024,E8644E1,F,Full,Optical,53-16-140,UNIVERSAL,Calvin Klein,Plastic,CALVIN KLEIN,True,ACETATE,504,PURPLE/LILAC,CHINA ONLY,"90,50","69,50",CK24541,Potential ADV,"245,00",AVANTGARDE,Rectangle,,purple,shiny,1,2024-01-01,46.0,19.0,20,75,35,67,39,67,46.0,19.0,20,75,35,67,39,67
65,Optical,4,"190,00",CALVIN KLEIN - SEP 2024,E8644E1,F,Full,Optical,53-16-140,UNIVERSAL,Calvin Klein,Plastic,CALVIN KLEIN,True,ACETATE,616,WINE/ROSE,CHINA ONLY,"90,50","69,50",CK24541,Potential ADV,"245,00",AVANTGARDE,Rectangle,,other,shiny,1,2024-01-01,46.0,19.0,20,75,35,67,39,67,46.0,19.0,20,75,35,67,39,67
66,Optical,4,"190,00",CALVIN KLEIN - SEP 2024,E8644B1,M,Full,Optical,54-19-145,UNIVERSAL,Calvin Klein,Plastic,CALVIN KLEIN,True,ACETATE,1,BLACK,CHINA ONLY,"90,50","69,50",CK24542,Potential ADV,"245,00",AVANTGARDE,Rectangle,,black,shiny,0,2024-01-01,46.0,19.0,20,75,35,67,39,67,46.0,19.0,20,75,35,67,39,67
67,Optical,4,"190,00",CALVIN KLEIN - SEP 2024,E8644B1,M,Full,Optical,54-19-145,UNIVERSAL,Calvin Klein,Plastic,CALVIN KLEIN,True,ACETATE,235,DARK HAVANA,CHINA ONLY,"90,50","69,50",CK24542,Potential ADV,"245,00",AVANTGARDE,Rectangle,,tortoise,shiny,0,2024-01-01,46.0,19.0,20,75,35,67,39,67,46.0,19.0,20,75,35,67,39,67
68,Optical,4,"190,00",CALVIN KLEIN - SEP 2024,E8644B1,M,Full,Optical,54-19-145,UNIVERSAL,Calvin Klein,Plastic,CALVIN KLEIN,True,ACETATE,280,LIGHT BROWN/CRYSTAL,CHINA ONLY,"90,50","69,50",CK24542,Potential ADV,"245,00",AVANTGARDE,Rectangle,,brown,shiny,1,2024-01-01,46.0,19.0,20,75,35,67,39,67,46.0,19.0,20,75,35,67,39,67
69,Optical,4,"190,00",CALVIN KLEIN - SEP 2024,E8644B1,M,Full,Optical,54-19-145,UNIVERSAL,Calvin Klein,Plastic,CALVIN KLEIN,True,ACETATE,434,PETROL/SMOKE,CHINA ONLY,"90,50","69,50",CK24542,Potential ADV,"245,00",AVANTGARDE,Rectangle,,blue,shiny,1,2024-01-01,46.0,19.0,20,75,35,67,39,67,46.0,19.0,20,75,35,67,39,67
70,Optical,4,"185,00",CALVIN KLEIN - SEP 2024,E8646G1,F,Full,Optical,52-18-145,GLOBAL,Calvin Klein,Plastic,CALVIN KLEIN,True,ACETATE,1,BLACK,CHINA ONLY,"88,50","68,00",CK24543,,"240,00",CLASSIC,Round,,black,shiny,0,2024-01-01,46.0,19.0,20,75,35,67,39,67,46.0,19.0,20,75,35,67,39,67
71,Optical,4,"185,00",CALVIN KLEIN - SEP 2024,E8646G1,F,Full,Optical,52-18-145,GLOBAL,Calvin Klein,Plastic,CALVIN KLEIN,True,ACETATE,240,HAVANA,CHINA ONLY,"88,50","68,00",CK24543,,"240,00",CLASSIC,Round,,tortoise,shiny,0,2024-01-01,46.0,19.0,20,75,35,67,39,67,46.0,19.0,20,75,35,67,39,67
72,Optical,4,"185,00",CALVIN KLEIN - SEP 2024,E8646G1,F,Full,Optical,52-18-145,GLOBAL,Calvin Klein,Plastic,CALVIN KLEIN,True,ACETATE,278,LIGHT BROWN,CHINA ONLY,"88,50","68,00",CK24543,,"240,00",CLASSIC,Round,,brown,shiny,0,2024-01-01,46.0,19.0,20,75,35,67,39,67,46.0,19.0,20,75,35,67,39,67
73,Optical,4,"185,00",CALVIN KLEIN - SEP 2024,E8646G1,F,Full,Optical,52-18-145,GLOBAL,Calvin Klein,Plastic,CALVIN KLEIN,True,ACETATE,515,VIOLET,CHINA ONLY,"88,50","68,00",CK24543,,"240,00",CLASSIC,Round,,purple,shiny,0,2024-01-01,46.0,19.0,20,75,35,67,39,67,46.0,19.0,20,75,35,67,39,67
74,Optical,4,"185,00",CALVIN KLEIN - SEP 2024,E8646D1,F,Full,Optical,55-14-145,UNIVERSAL,Calvin Klein,Plastic,CALVIN KLEIN,True,ACETATE,1,BLACK,CHINA ONLY,"88,50","68,00",CK24544,,"240,00",CLASSIC,Rectangle,,black,shiny,0,2024-01-01,46.0,19.0,20,75,35,67,39,67,46.0,19.0,20,75,35,67,39,67
75,Optical,4,"185,00",CALVIN KLEIN - SEP 2024,E8646D1,F,Full,Optical,55-14-145,UNIVERSAL,Calvin Klein,Plastic,CALVIN KLEIN,True,ACETATE,240,HAVANA,CHINA ONLY,"88,50","68,00",CK24544,,"240,00",CLASSIC,Rectangle,,tortoise,shiny,0,2024-01-01,46.0,19.0,20,75,35,67,39,67,46.0,19.0,20,75,35,67,39,67
76,Optical,4,"185,00",CALVIN KLEIN - SEP 2024,E8646D1,F,Full,Optical,55-14-145,UNIVERSAL,Calvin Klein,Plastic,CALVIN KLEIN,True,ACETATE,445,LIGHT BLUE,CHINA ONLY,"88,50","68,00",CK24544,,"240,00",CLASSIC,Rectangle,,blue,shiny,0,2024-01-01,46.0,19.0,20,75,35,67,39,67,46.0,19.0,20,75,35,67,39,67
77,Optical,4,"185,00",CALVIN KLEIN - SEP 2024,E8646D1,F,Full,Optical,55-14-145,UNIVERSAL,Calvin Klein,Plastic,CALVIN KLEIN,True,ACETATE,601,ROSE,CHINA ONLY,"88,50","68,00",CK24544,,"240,00",CLASSIC,Rectangle,,pink,shiny,0,2024-01-01,46.0,19.0,20,75,35,67,39,67,46.0,19.0,20,75,35,67,39,67
78,Optical,4,"150,00",CALVIN KLEIN - SEP 2024,E8967C1,F,Full,Optical,56-15-140,UNIVERSAL,Calvin Klein,Plastic,CALVIN KLEIN,True,METAL,1,BLACK,VIETNAM ONLY,"71,50","55,00",CK24545,Sustainable style,"195,00",MODERN,Butterfly,,black,shiny,0,2024-01-01,46.0,19.0,20,75,35,67,39,67,46.0,19.0,20,75,35,67,39,67
79,Optical,4,"150,00",CALVIN KLEIN - SEP 2024,E8967C1,F,Full,Optical,56-15-140,UNIVERSAL,Calvin Klein,Plastic,CALVIN KLEIN,True,METAL,4,BLACK/GREY,VIETNAM ONLY,"71,50","55,00",CK24545,Sustainable style,"195,00",MODERN,Butterfly,,black,shiny,1,2024-01-01,46.0,19.0,20,75,35,67,39,67,46.0,19.0,20,75,35,67,39,67
80,Optical,4,"150,00",CALVIN KLEIN - SEP 2024,E8967C1,F,Full,Optical,56-15-140,UNIVERSAL,Calvin Klein,Plastic,CALVIN KLEIN,True,METAL,235,DARK HAVANA,VIETNAM ONLY,"71,50","55,00",CK24545,Sustainable style,"195,00",MODERN,Butterfly,,tortoise,shiny,0,2024-01-01,46.0,19.0,20,75,35,67,39,67,46.0,19.0,20,75,35,67,39,67
81,Optical,4,"150,00",CALVIN KLEIN - SEP 2024,E8967C1,F,Full,Optical,56-15-140,UNIVERSAL,Calvin Klein,Plastic,CALVIN KLEIN,True,METAL,415,BLUE/LIGHT BLUE,VIETNAM ONLY,"71,50","55,00",CK24545,Sustainable style,"195,00",MODERN,Butterfly,,blue,shiny,1,2024-01-01,46.0,19.0,20,75,35,67,39,67,46.0,19.0,20,75,35,67,39,67
82,Optical,4,"150,00",CALVIN KLEIN - SEP 2024,E8967C1,F,Full,Optical,56-15-140,UNIVERSAL,Calvin Klein,Plastic,CALVIN KLEIN,True,METAL,616,WINE/ROSE,VIETNAM ONLY,"71,50","55,00",CK24545,Sustainable style,"195,00",MODERN,Butterfly,,other,shiny,1,2024-01-01,46.0,19.0,20,75,35,67,39,67,46.0,19.0,20,75,35,67,39,67
83,Optical,4,"150,00",CALVIN KLEIN - SEP 2024,E8967D1,F,Full,Optical,55-13-140,UNIVERSAL,Calvin Klein,Plastic,CALVIN KLEIN,True,METAL,1,BLACK,VIETNAM ONLY,"71,50","55,00",CK24546,Sustainable style,"195,00",MODERN,Rectangle,,black,shiny,0,2024-01-01,46.0,19.0,20,75,35,67,39,67,46.0,19.0,20,75,35,67,39,67
84,Optical,4,"150,00",CALVIN KLEIN - SEP 2024,E8967D1,F,Full,Optical,55-13-140,UNIVERSAL,Calvin Klein,Plastic,CALVIN KLEIN,True,METAL,4,BLACK/GREY,VIETNAM ONLY,"71,50","55,00",CK24546,Sustainable style,"195,00",MODERN,Rectangle,,black,shiny,1,2024-01-01,46.0,19.0,20,75,35,67,39,67,46.0,19.0,20,75,35,67,39,67
85,Optical,4,"150,00",CALVIN KLEIN - SEP 2024,E8967D1,F,Full,Optical,55-13-140,UNIVERSAL,Calvin Klein,Plastic,CALVIN KLEIN,True,METAL,228,BROWN ROSE,VIETNAM ONLY,"71,50","55,00",CK24546,Sustainable style,"195,00",MODERN,Rectangle,,brown,shiny,0,2024-01-01,46.0,19.0,20,75,35,67,39,67,46.0,19.0,20,75,35,67,39,67
86,Optical,4,"150,00",CALVIN KLEIN - SEP 2024,E8967D1,F,Full,Optical,55-13-140,UNIVERSAL,Calvin Klein,Plastic,CALVIN KLEIN,True,METAL,235,DARK HAVANA,VIETNAM ONLY,"71,50","55,00",CK24546,Sustainable style,"195,00",MODERN,Rectangle,,tortoise,shiny,0,2024-01-01,46.0,19.0,20,75,35,67,39,67,46.0,19.0,20,75,35,67,39,67
87,Optical,4,"150,00",CALVIN KLEIN - SEP 2024,E8967D1,F,Full,Optical,55-13-140,UNIVERSAL,Calvin Klein,Plastic,CALVIN KLEIN,True,METAL,415,BLUE/LIGHT BLUE,VIETNAM ONLY,"71,50","55,00",CK24546,Sustainable style,"195,00",MODERN,Rectangle,,blue,shiny,1,2024-01-01,46.0,19.0,20,75,35,67,39,67,46.0,19.0,20,75,35,67,39,67
88,Optical,4,"150,00",CALVIN KLEIN - SEP 2024,E8967B1,U,Full,Optical,55-14-140,UNIVERSAL,Calvin Klein,Plastic,CALVIN KLEIN,True,METAL,1,BLACK,VIETNAM ONLY,"71,50","55,00",CK24547,Sustainable style,"195,00",MODERN,Rectangle,,black,shiny,0,2024-01-01,46.0,19.0,20,75,35,67,39,67,46.0,19.0,20,75,35,67,39,67
89,Optical,4,"150,00",CALVIN KLEIN - SEP 2024,E8967B1,U,Full,Optical,55-14-140,UNIVERSAL,Calvin Klein,Plastic,CALVIN KLEIN,True,METAL,235,DARK HAVANA,VIETNAM ONLY,"71,50","55,00",CK24547,Sustainable style,"195,00",MODERN,Rectangle,,tortoise,shiny,0,2024-01-01,46.0,19.0,20,75,35,67,39,67,46.0,19.0,20,75,35,67,39,67
90,Optical,4,"150,00",CALVIN KLEIN - SEP 2024,E8967B1,U,Full,Optical,55-14-140,UNIVERSAL,Calvin Klein,Plastic,CALVIN KLEIN,True,METAL,261,CARAMEL,VIETNAM ONLY,"71,50","55,00",CK24547,Sustainable style,"195,00",MODERN,Rectangle,,other,shiny,0,2024-01-01,46.0,19.0,20,75,35,67,39,67,46.0,19.0,20,75,35,67,39,67
91,Optical,4,"150,00",CALVIN KLEIN - SEP 2024,E8967B1,U,Full,Optical,55-14-140,UNIVERSAL,Calvin Klein,Plastic,CALVIN KLEIN,True,METAL,438,BLUE,VIETNAM ONLY,"71,50","55,00",CK24547,Sustainable style,"195,00",MODERN,Rectangle,,blue,shiny,0,2024-01-01,46.0,19.0,20,75,35,67,39,67,46.0,19.0,20,75,35,67,39,67
92,Optical,4,"190,00",CALVIN KLEIN - SEP 2024,E8964B1,M,Full,Optical,56-16-145,UNIVERSAL,Calvin Klein,Plastic,CALVIN KLEIN,True,METAL,1,BLACK,CHINA ONLY,"92,50","71,00",CK24548,Potential ADV,"250,00",AVANTGARDE,Navigator,,black,shiny,0,2024-01-01,46.0,19.0,20,75,35,67,39,67,46.0,19.0,20,75,35,67,39,67
93,Optical,4,"190,00",CALVIN KLEIN - SEP 2024,E8964B1,M,Full,Optical,56-16-145,UNIVERSAL,Calvin Klein,Plastic,CALVIN KLEIN,True,METAL,235,DARK HAVANA,CHINA ONLY,"92,50","71,00",CK24548,Potential ADV,"250,00",AVANTGARDE,Navigator,,tortoise,shiny,0,2024-01-01,46.0,19.0,20,75,35,67,39,67,46.0,19.0,20,75,35,67,39,67
94,Optical,4,"190,00",CALVIN KLEIN - SEP 2024,E8964B1,M,Full,Optical,56-16-145,UNIVERSAL,Calvin Klein,Plastic,CALVIN KLEIN,True,METAL,400,BLUE,CHINA ONLY,"92,50","71,00",CK24548,Potential ADV,"250,00",AVANTGARDE,Navigator,,blue,shiny,0,2024-01-01,46.0,19.0,20,75,35,67,39,67,46.0,19.0,20,75,35,67,39,67
95,Optical,4,"200,00",LACOSTE - SEP 2024,E8981C1,M,Full,Optical,57-18-145,GLOBAL,Lacoste,Plastic,LACOSTE,True,ACETATE,2,MATTE BLACK,CHINA ONLY,"102,00","73,50",L2302,POTENTIAL ADV STYLE,"275,00",THE LINE,Rectangle,,black,matte,0,2024-01-01,46.0,19.0,20,75,35,67,39,67,46.0,19.0,20,75,35,67,39,67
96,Optical,4,"200,00",LACOSTE - SEP 2024,E8981C1,M,Full,Optical,57-18-145,GLOBAL,Lacoste,Plastic,LACOSTE,True,ACETATE,45,SILVER,CHINA ONLY,"102,00","73,50",L2302,POTENTIAL ADV STYLE,"275,00",THE LINE,Rectangle,,silver,shiny,0,2024-01-01,46.0,19.0,20,75,35,67,39,67,46.0,19.0,20,75,35,67,39,67
97,Optical,4,"200,00",LACOSTE - SEP 2024,E8981C1,M,Full,Optical,57-18-145,GLOBAL,Lacoste,Plastic,LACOSTE,True,ACETATE,714,GOLD,CHINA ONLY,"102,00","73,50",L2302,POTENTIAL ADV STYLE,"275,00",THE LINE,Rectangle,ADV SKU,gold,shiny,0,2024-01-01,46.0,19.0,20,75,35,67,39,67,46.0,19.0,20,75,35,67,39,67
98,Optical,4,"200,00",LACOSTE - SEP 2024,E8983B2,F,Full,Optical,53-18-140,GLOBAL,Lacoste,Plastic,LACOSTE,True,METAL,1,BLACK/GOLD,CHINA ONLY,"102,00","73,50",L2303,,"275,00",PLISSÉ,Rectangle,,black,shiny,1,2024-01-01,46.0,19.0,20,75,35,67,39,67,46.0,19.0,20,75,35,67,39,67
99,Optical,4,"200,00",LACOSTE - SEP 2024,E8983B2,F,Full,Optical,53-18-140,GLOBAL,Lacoste,Plastic,LACOSTE,True,METAL,601,BURGUNDY/GOLD,CHINA ONLY,"102,00","73,50",L2303,,"275,00",PLISSÉ,Rectangle,,red,shiny,1,2024-01-01,46.0,19.0,20,75,35,67,39,67,46.0,19.0,20,75,35,67,39,67
100,Optical,4,"200,00",LACOSTE - SEP 2024,E8983B2,F,Full,Optical,53-18-140,GLOBAL,Lacoste,Plastic,LACOSTE,True,METAL,662,NUDE/ROSE GOLD,CHINA ONLY,"102,00","73,50",L2303,,"275,00",PLISSÉ,Rectangle,,beige,shiny,1,2024-01-01,46.0,19.0,20,75,35,67,39,67,46.0,19.0,20,75,35,67,39,67
101,Optical,4,"200,00",LACOSTE - SEP 2024,E8764C1,M,Full,Optical,53-18-145,GLOBAL,Lacoste,Plastic,LACOSTE,True,ACETATE,1,BLACK,CHINA ONLY,"102,00","73,50",L2304,,"275,00",PETIT PIQUÉ,Rectangle,,black,shiny,0,2024-01-01,46.0,19.0,20,75,35,67,39,67,46.0,19.0,20,75,35,67,39,67
102,Optical,4,"200,00",LACOSTE - SEP 2024,E8764C1,M,Full,Optical,53-18-145,GLOBAL,Lacoste,Plastic,LACOSTE,True,ACETATE,2,MATTE BLACK,CHINA ONLY,"102,00","73,50",L2304,,"275,00",PETIT PIQUÉ,Rectangle,,black,matte,0,2024-01-01,46.0,19.0,20,75,35,67,39,67,46.0,19.0,20,75,35,67,39,67
103,Optical,4,"200,00",LACOSTE - SEP 2024,E8764C1,M,Full,Optical,53-18-145,GLOBAL,Lacoste,Plastic,LACOSTE,True,ACETATE,275,MATTE KHAKI,CHINA ONLY,"102,00","73,50",L2304,,"275,00",PETIT PIQUÉ,Rectangle,,beige,matte,0,2024-01-01,46.0,19.0,20,75,35,67,39,67,46.0,19.0,20,75,35,67,39,67
104,Optical,4,"200,00",LACOSTE - SEP 2024,E8764C1,M,Full,Optical,53-18-145,GLOBAL,Lacoste,Plastic,LACOSTE,True,ACETATE,424,MATTE BLUE,CHINA ONLY,"102,00","73,50",L2304,,"275,00",PETIT PIQUÉ,Rectangle,,blue,matte,0,2024-01-01,46.0,19.0,20,75,35,67,39,67,46.0,19.0,20,75,35,67,39,67
105,Optical,4,"180,00",LACOSTE - SEP 2024,E9008A1,M,Half,Optical,54-19-145,GLOBAL,Lacoste,Plastic,LACOSTE,True,INJ-SILICONE,1,BLACK,CHINA ONLY,"92,50","67,00",L2305,,"250,00",STRIPES & PIPING,Rectangle,,black,shiny,0,2024-01-01,46.0,19.0,20,75,35,67,39,67,46.0,19.0,20,75,35,67,39,67
106,Optical,4,"180,00",LACOSTE - SEP 2024,E9008A1,M,Half,Optical, 57-19-145,GLOBAL,Lacoste,Plastic,LACOSTE,True,INJ-SILICONE,1,BLACK,CHINA ONLY,"92,50","67,00",L2305,,"250,00",STRIPES & PIPING,Rectangle,,black,shiny,0,2024-01-01,46.0,19.0,20,75,35,67,39,67,46.0,19.0,20,75,35,67,39,67
107,Optical,4,"180,00",LACOSTE - SEP 2024,E9008A1,M,Half,Optical,54-19-145,GLOBAL,Lacoste,Plastic,LACOSTE,True,INJ-SILICONE,38,GUNMETAL,CHINA ONLY,"92,50","67,00",L2305,,"250,00",STRIPES & PIPING,Rectangle,,grey,shiny,0,2024-01-01,46.0,19.0,20,75,35,67,39,67,46.0,19.0,20,75,35,67,39,67
108,Optical,4,"180,00",LACOSTE - SEP 2024,E9008A1,M,Half,Optical, 57-19-145,GLOBAL,Lacoste,Plastic,LACOSTE,True,INJ-SILICONE,38,GUNMETAL,CHINA ONLY,"92,50","67,00",L2305,,"250,00",STRIPES & PIPING,Rectangle,,grey,shiny,0,2024-01-01,46.0,19.0,20,75,35,67,39,67,46.0,19.0,20,75,35,67,39,67
109,Optical,4,"180,00",LACOSTE - SEP 2024,E9008A1,M,Half,Optical,54-19-145,GLOBAL,Lacoste,Plastic,LACOSTE,True,INJ-SILICONE,301,GREEN,CHINA ONLY,"92,50","67,00",L2305,,"250,00",STRIPES & PIPING,Rectangle,,green,shiny,0,2024-01-01,46.0,19.0,20,75,35,67,39,67,46.0,19.0,20,75,35,67,39,67
110,Optical,4,"180,00",LACOSTE - SEP 2024,E9008A1,M,Half,Optical, 57-19-145,GLOBAL,Lacoste,Plastic,LACOSTE,True,INJ-SILICONE,301,GREEN,CHINA ONLY,"92,50","67,00",L2305,,"250,00",STRIPES & PIPING,Rectangle,,green,shiny,0,2024-01-01,46.0,19.0,20,75,35,67,39,67,46.0,19.0,20,75,35,67,39,67
111,Optical,4,"180,00",LACOSTE - SEP 2024,E9008A1,M,Half,Optical,54-19-145,GLOBAL,Lacoste,Plastic,LACOSTE,True,INJ-SILICONE,410,BLUE,CHINA ONLY,"92,50","67,00",L2305,,"250,00",STRIPES & PIPING,Rectangle,,blue,shiny,0,2024-01-01,46.0,19.0,20,75,35,67,39,67,46.0,19.0,20,75,35,67,39,67
112,Optical,4,"180,00",LACOSTE - SEP 2024,E9008A1,M,Half,Optical, 57-19-145,GLOBAL,Lacoste,Plastic,LACOSTE,True,INJ-SILICONE,410,BLUE,CHINA ONLY,"92,50","67,00",L2305,,"250,00",STRIPES & PIPING,Rectangle,,blue,shiny,0,2024-01-01,46.0,19.0,20,75,35,67,39,67,46.0,19.0,20,75,35,67,39,67
113,Optical,4,"185,00",LACOSTE - SEP 2024,E9007C1,M,Full,Optical,53-16-145,GLOBAL,Lacoste,Plastic,LACOSTE,True,INJ-SILICONE,1,BLACK,CHINA ONLY,"95,50","69,00",L2707MAGSET,,"260,00",STRIPES & PIPING,Rectangle,,black,shiny,0,2024-01-01,46.0,19.0,20,75,35,67,39,67,46.0,19.0,20,75,35,67,39,67
114,Optical,4,"185,00",LACOSTE - SEP 2024,E9007C1,M,Full,Optical,55-16-145,GLOBAL,Lacoste,Plastic,LACOSTE,True,INJ-SILICONE,1,BLACK,CHINA ONLY,"95,50","69,00",L2707MAGSET,,"260,00",STRIPES & PIPING,Rectangle,,black,shiny,0,2024-01-01,46.0,19.0,20,75,35,67,39,67,46.0,19.0,20,75,35,67,39,67
115,Optical,4,"185,00",LACOSTE - SEP 2024,E9007C1,M,Full,Optical,53-16-145,GLOBAL,Lacoste,Plastic,LACOSTE,True,INJ-SILICONE,2,MATTE BLACK,CHINA ONLY,"95,50","69,00",L2707MAGSET,,"260,00",STRIPES & PIPING,Rectangle,,black,matte,0,2024-01-01,46.0,19.0,20,75,35,67,39,67,46.0,19.0,20,75,35,67,39,67
116,Optical,4,"185,00",LACOSTE - SEP 2024,E9007C1,M,Full,Optical,55-16-145,GLOBAL,Lacoste,Plastic,LACOSTE,True,INJ-SILICONE,2,MATTE BLACK,CHINA ONLY,"95,50","69,00",L2707MAGSET,,"260,00",STRIPES & PIPING,Rectangle,,black,matte,0,2024-01-01,46.0,19.0,20,75,35,67,39,67,46.0,19.0,20,75,35,67,39,67
117,Optical,4,"185,00",LACOSTE - SEP 2024,E9007C1,M,Full,Optical,53-16-145,GLOBAL,Lacoste,Plastic,LACOSTE,True,INJ-SILICONE,301,GREEN,CHINA ONLY,"95,50","69,00",L2707MAGSET,,"260,00",STRIPES & PIPING,Rectangle,,green,shiny,0,2024-01-01,46.0,19.0,20,75,35,67,39,67,46.0,19.0,20,75,35,67,39,67
118,Optical,4,"185,00",LACOSTE - SEP 2024,E9007C1,M,Full,Optical,55-16-145,GLOBAL,Lacoste,Plastic,LACOSTE,True,INJ-SILICONE,301,GREEN,CHINA ONLY,"95,50","69,00",L2707MAGSET,,"260,00",STRIPES & PIPING,Rectangle,,green,shiny,0,2024-01-01,46.0,19.0,20,75,35,67,39,67,46.0,19.0,20,75,35,67,39,67
119,Optical,4,"185,00",LACOSTE - SEP 2024,E9007C1,M,Full,Optical,53-16-145,GLOBAL,Lacoste,Plastic,LACOSTE,True,INJ-SILICONE,410,BLUE,CHINA ONLY,"95,50","69,00",L2707MAGSET,,"260,00",STRIPES & PIPING,Rectangle,,blue,shiny,0,2024-01-01,46.0,19.0,20,75,35,67,39,67,46.0,19.0,20,75,35,67,39,67
120,Optical,4,"185,00",LACOSTE - SEP 2024,E9007C1,M,Full,Optical,55-16-145,GLOBAL,Lacoste,Plastic,LACOSTE,True,INJ-SILICONE,410,BLUE,CHINA ONLY,"95,50","69,00",L2707MAGSET,,"260,00",STRIPES & PIPING,Rectangle,,blue,shiny,0,2024-01-01,46.0,19.0,20,75,35,67,39,67,46.0,19.0,20,75,35,67,39,67
121,Optical,4,"120,00",LACOSTE - SEP 2024,E8978B1,M,Full,Optical,55-14-145,GLOBAL,Lacoste,Plastic,LACOSTE,True,BIO INJ-G820,1,BLACK,CHINA ONLY,"62,50","45,00",L2959,,"170,00",STRIPES & PIPING,Rectangle,,black,shiny,0,2024-01-01,46.0,19.0,20,75,35,67,39,67,46.0,19.0,20,75,35,67,39,67
122,Optical,4,"120,00",LACOSTE - SEP 2024,E8978B1,M,Full,Optical,55-14-145,GLOBAL,Lacoste,Plastic,LACOSTE,True,BIO INJ-G820,214,HAVANA,CHINA ONLY,"62,50","45,00",L2959,,"170,00",STRIPES & PIPING,Rectangle,,tortoise,shiny,0,2024-01-01,46.0,19.0,20,75,35,67,39,67,46.0,19.0,20,75,35,67,39,67
123,Optical,4,"120,00",LACOSTE - SEP 2024,E8978B1,M,Full,Optical,55-14-145,GLOBAL,Lacoste,Plastic,LACOSTE,True,BIO INJ-G820,301,MATTE GREEN,CHINA ONLY,"62,50","45,00",L2959,,"170,00",STRIPES & PIPING,Rectangle,,grey,matte,0,2024-01-01,46.0,19.0,20,75,35,67,39,67,46.0,19.0,20,75,35,67,39,67
124,Optical,4,"120,00",LACOSTE - SEP 2024,E8978B1,M,Full,Optical,55-14-145,GLOBAL,Lacoste,Plastic,LACOSTE,True,BIO INJ-G820,424,MATTE BLUE,CHINA ONLY,"62,50","45,00",L2959,,"170,00",STRIPES & PIPING,Rectangle,,blue,matte,0,2024-01-01,46.0,19.0,20,75,35,67,39,67,46.0,19.0,20,75,35,67,39,67
125,Optical,4,"120,00",LACOSTE - SEP 2024,E8978C1,M,Full,Optical,54-18-145,GLOBAL,Lacoste,Plastic,LACOSTE,True,BIO INJ-G820,1,BLACK,CHINA ONLY,"62,50","45,00",L2960,,"170,00",STRIPES & PIPING,Rectangle,,black,shiny,0,2024-01-01,46.0,19.0,20,75,35,67,39,67,46.0,19.0,20,75,35,67,39,67
126,Optical,4,"120,00",LACOSTE - SEP 2024,E8978C1,M,Full,Optical, 56-19-145,GLOBAL,Lacoste,Plastic,LACOSTE,True,BIO INJ-G820,1,BLACK,CHINA ONLY,"62,50","45,00",L2960,,"170,00",STRIPES & PIPING,Rectangle,,black,shiny,0,2024-01-01,46.0,19.0,20,75,35,67,39,67,46.0,19.0,20,75,35,67,39,67
127,Optical,4,"120,00",LACOSTE - SEP 2024,E8978C1,M,Full,Optical,54-18-145,GLOBAL,Lacoste,Plastic,LACOSTE,True,BIO INJ-G820,35,TRANSPARENT GREY,CHINA ONLY,"62,50","45,00",L2960,,"170,00",STRIPES & PIPING,Rectangle,,crystal,shiny,0,2024-01-01,46.0,19.0,20,75,35,67,39,67,46.0,19.0,20,75,35,67,39,67
128,Optical,4,"120,00",LACOSTE - SEP 2024,E8978C1,M,Full,Optical, 56-19-145,GLOBAL,Lacoste,Plastic,LACOSTE,True,BIO INJ-G820,35,TRANSPARENT GREY,CHINA ONLY,"62,50","45,00",L2960,,"170,00",STRIPES & PIPING,Rectangle,,crystal,shiny,0,2024-01-01,46.0,19.0,20,75,35,67,39,67,46.0,19.0,20,75,35,67,39,67
129,Optical,4,"120,00",LACOSTE - SEP 2024,E8978C1,M,Full,Optical,54-18-145,GLOBAL,Lacoste,Plastic,LACOSTE,True,BIO INJ-G820,301,TRANSPARENT GREEN,CHINA ONLY,"62,50","45,00",L2960,,"170,00",STRIPES & PIPING,Rectangle,,crystal,shiny,0,2024-01-01,46.0,19.0,20,75,35,67,39,67,46.0,19.0,20,75,35,67,39,67
130,Optical,4,"120,00",LACOSTE - SEP 2024,E8978C1,M,Full,Optical, 56-19-145,GLOBAL,Lacoste,Plastic,LACOSTE,True,BIO INJ-G820,301,TRANSPARENT GREEN,CHINA ONLY,"62,50","45,00",L2960,,"170,00",STRIPES & PIPING,Rectangle,,crystal,shiny,0,2024-01-01,46.0,19.0,20,75,35,67,39,67,46.0,19.0,20,75,35,67,39,67
131,Optical,4,"120,00",LACOSTE - SEP 2024,E8978C1,M,Full,Optical,54-18-145,GLOBAL,Lacoste,Plastic,LACOSTE,True,BIO INJ-G820,410,TRANSPARENT BLUE,CHINA ONLY,"62,50","45,00",L2960,,"170,00",STRIPES & PIPING,Rectangle,,crystal,shiny,0,2024-01-01,46.0,19.0,20,75,35,67,39,67,46.0,19.0,20,75,35,67,39,67
132,Optical,4,"120,00",LACOSTE - SEP 2024,E8978C1,M,Full,Optical, 56-19-145,GLOBAL,Lacoste,Plastic,LACOSTE,True,BIO INJ-G820,410,TRANSPARENT BLUE,CHINA ONLY,"62,50","45,00",L2960,,"170,00",STRIPES & PIPING,Rectangle,,crystal,shiny,0,2024-01-01,46.0,19.0,20,75,35,67,39,67,46.0,19.0,20,75,35,67,39,67
133,Optical,4,"180,00",LACOSTE - SEP 2024,E8984D1,F,Full,Optical,53-15-140,GLOBAL,Lacoste,Plastic,LACOSTE,True,METAL,1,BLACK,CHINA ONLY,"92,50","67,00",L2961,POTENTIAL ADV,"250,00",PLISSÉ,Rectangle,,black,shiny,0,2024-01-01,46.0,19.0,20,75,35,67,39,67,46.0,19.0,20,75,35,67,39,67
134,Optical,4,"180,00",LACOSTE - SEP 2024,E8984D1,F,Full,Optical,53-15-140,GLOBAL,Lacoste,Plastic,LACOSTE,True,METAL,214,HAVANA,CHINA ONLY,"92,50","67,00",L2961,POTENTIAL ADV,"250,00",PLISSÉ,Rectangle,,tortoise,shiny,0,2024-01-01,46.0,19.0,20,75,35,67,39,67,46.0,19.0,20,75,35,67,39,67
135,Optical,4,"180,00",LACOSTE - SEP 2024,E8984D1,F,Full,Optical,53-15-140,GLOBAL,Lacoste,Plastic,LACOSTE,True,METAL,301,GRADIENT GREEN,CHINA ONLY,"92,50","67,00",L2961,POTENTIAL ADV,"250,00",PLISSÉ,Rectangle,,green,shiny,0,2024-01-01,46.0,19.0,20,75,35,67,39,67,46.0,19.0,20,75,35,67,39,67
136,Optical,4,"180,00",LACOSTE - SEP 2024,E8984D1,F,Full,Optical,53-15-140,GLOBAL,Lacoste,Plastic,LACOSTE,True,METAL,513,GRADIENT PURPLE,CHINA ONLY,"92,50","67,00",L2961,POTENTIAL ADV,"250,00",PLISSÉ,Rectangle,,purple,shiny,0,2024-01-01,46.0,19.0,20,75,35,67,39,67,46.0,19.0,20,75,35,67,39,67
137,Optical,4,"160,00",LACOSTE - SEP 2024,E8838C1,F,Full,Optical,54-15-140,GLOBAL,Lacoste,Plastic,LACOSTE,True,BIO INJ-G820,35,GREY,CHINA ONLY,"82,00","59,00",L2962,,"220,00",L.12.12 TRIM,Rectangle,,grey,shiny,0,2024-01-01,46.0,19.0,20,75,35,67,39,67,46.0,19.0,20,75,35,67,39,67
138,Optical,4,"160,00",LACOSTE - SEP 2024,E8838C1,F,Full,Optical,54-15-140,GLOBAL,Lacoste,Plastic,LACOSTE,True,BIO INJ-G820,210,BROWN,CHINA ONLY,"82,00","59,00",L2962,,"220,00",L.12.12 TRIM,Rectangle,,brown,shiny,0,2024-01-01,46.0,19.0,20,75,35,67,39,67,46.0,19.0,20,75,35,67,39,67
139,Optical,4,"160,00",LACOSTE - SEP 2024,E8838C1,F,Full,Optical,54-15-140,GLOBAL,Lacoste,Plastic,LACOSTE,True,BIO INJ-G820,275,KHAKI,CHINA ONLY,"82,00","59,00",L2962,,"220,00",L.12.12 TRIM,Rectangle,,beige,shiny,0,2024-01-01,46.0,19.0,20,75,35,67,39,67,46.0,19.0,20,75,35,67,39,67
140,Optical,4,"160,00",LACOSTE - SEP 2024,E8838C1,F,Full,Optical,54-15-140,GLOBAL,Lacoste,Plastic,LACOSTE,True,BIO INJ-G820,662,ROSE,CHINA ONLY,"82,00","59,00",L2962,,"220,00",L.12.12 TRIM,Rectangle,,pink,shiny,0,2024-01-01,46.0,19.0,20,75,35,67,39,67,46.0,19.0,20,75,35,67,39,67
141,Optical,4,"135,00",LACOSTE - SEP 2024,E8765E1,M,Full,Optical,53-17-145,GLOBAL,Lacoste,Plastic,LACOSTE,True,BIO INJ-G820,1,BLACK,CHINA ONLY,"69,50","50,00",L2963,,"190,00",EASY RIBBON,Rectangle,,black,shiny,0,2024-01-01,46.0,19.0,20,75,35,67,39,67,46.0,19.0,20,75,35,67,39,67
142,Optical,4,"135,00",LACOSTE - SEP 2024,E8765E1,M,Full,Optical,53-17-145,GLOBAL,Lacoste,Plastic,LACOSTE,True,BIO INJ-G820,35,TRANSPARENT GREY,CHINA ONLY,"69,50","50,00",L2963,,"190,00",EASY RIBBON,Rectangle,,crystal,shiny,0,2024-01-01,46.0,19.0,20,75,35,67,39,67,46.0,19.0,20,75,35,67,39,67
143,Optical,4,"135,00",LACOSTE - SEP 2024,E8765E1,M,Full,Optical,53-17-145,GLOBAL,Lacoste,Plastic,LACOSTE,True,BIO INJ-G820,214,HAVANA,CHINA ONLY,"69,50","50,00",L2963,,"190,00",EASY RIBBON,Rectangle,,tortoise,shiny,0,2024-01-01,46.0,19.0,20,75,35,67,39,67,46.0,19.0,20,75,35,67,39,67
144,Optical,4,"135,00",LACOSTE - SEP 2024,E8765E1,M,Full,Optical,53-17-145,GLOBAL,Lacoste,Plastic,LACOSTE,True,BIO INJ-G820,410,TRANSPARENT BLUE,CHINA ONLY,"69,50","50,00",L2963,,"190,00",EASY RIBBON,Rectangle,,crystal,shiny,0,2024-01-01,46.0,19.0,20,75,35,67,39,67,46.0,19.0,20,75,35,67,39,67
145,Optical,4,"180,00",LACOSTE - SEP 2024,E8787E1,M,Full,Optical,51-20-145,GLOBAL,Lacoste,Plastic,LACOSTE,True,ACETATE,1,BLACK,CHINA ONLY,"92,50","67,00",L2964,,"250,00",PETIT PIQUÉ,Rectangle,,black,shiny,0,2024-01-01,46.0,19.0,20,75,35,67,39,67,46.0,19.0,20,75,35,67,39,67
146,Optical,4,"180,00",LACOSTE - SEP 2024,E8787E1,M,Full,Optical,51-20-145,GLOBAL,Lacoste,Plastic,LACOSTE,True,ACETATE,35,TRANSPARENT GREY,CHINA ONLY,"92,50","67,00",L2964,,"250,00",PETIT PIQUÉ,Rectangle,,crystal,shiny,0,2024-01-01,46.0,19.0,20,75,35,67,39,67,46.0,19.0,20,75,35,67,39,67
147,Optical,4,"180,00",LACOSTE - SEP 2024,E8787E1,M,Full,Optical,51-20-145,GLOBAL,Lacoste,Plastic,LACOSTE,True,ACETATE,214,HAVANA,CHINA ONLY,"92,50","67,00",L2964,,"250,00",PETIT PIQUÉ,Rectangle,,tortoise,shiny,0,2024-01-01,46.0,19.0,20,75,35,67,39,67,46.0,19.0,20,75,35,67,39,67
148,Optical,4,"180,00",LACOSTE - SEP 2024,E8787E1,M,Full,Optical,51-20-145,GLOBAL,Lacoste,Plastic,LACOSTE,True,ACETATE,275,TRANSPARENT KHAKI,CHINA ONLY,"92,50","67,00",L2964,,"250,00",PETIT PIQUÉ,Rectangle,,crystal,shiny,0,2024-01-01,46.0,19.0,20,75,35,67,39,67,46.0,19.0,20,75,35,67,39,67
149,Optical,4,"160,00",LACOSTE - SEP 2024,E9007A1,M,Full,Optical,53-17-145,GLOBAL,Lacoste,Plastic,LACOSTE,True,INJ-SILICONE,1,BLACK,CHINA ONLY,"82,00","59,00",L2965,,"220,00",STRIPES & PIPING,Rectangle,,black,shiny,0,2024-01-01,46.0,19.0,20,75,35,67,39,67,46.0,19.0,20,75,35,67,39,67
150,Optical,4,"160,00",LACOSTE - SEP 2024,E9007A1,M,Full,Optical,53-17-145,GLOBAL,Lacoste,Plastic,LACOSTE,True,INJ-SILICONE,2,MATTE BLACK,CHINA ONLY,"82,00","59,00",L2965,,"220,00",STRIPES & PIPING,Rectangle,,black,matte,0,2024-01-01,46.0,19.0,20,75,35,67,39,67,46.0,19.0,20,75,35,67,39,67
151,Optical,4,"160,00",LACOSTE - SEP 2024,E9007A1,M,Full,Optical,53-17-145,GLOBAL,Lacoste,Plastic,LACOSTE,True,INJ-SILICONE,301,GREEN,CHINA ONLY,"82,00","59,00",L2965,,"220,00",STRIPES & PIPING,Rectangle,,green,shiny,0,2024-01-01,46.0,19.0,20,75,35,67,39,67,46.0,19.0,20,75,35,67,39,67
152,Optical,4,"160,00",LACOSTE - SEP 2024,E9007A1,M,Full,Optical,53-17-145,GLOBAL,Lacoste,Plastic,LACOSTE,True,INJ-SILICONE,410,BLUE,CHINA ONLY,"82,00","59,00",L2965,,"220,00",STRIPES & PIPING,Rectangle,,blue,shiny,0,2024-01-01,46.0,19.0,20,75,35,67,39,67,46.0,19.0,20,75,35,67,39,67
153,Optical,4,"185,00",LACOSTE - SEP 2024,E8982D1,M,Full,Optical,50-20-145,GLOBAL,Lacoste,Plastic,LACOSTE,True,ACETATE,1,BLACK,CHINA ONLY,"95,50","69,00",L2966,,"260,00",THE LINE,Rectangle,,black,shiny,0,2024-01-01,46.0,19.0,20,75,35,67,39,67,46.0,19.0,20,75,35,67,39,67
154,Optical,4,"185,00",LACOSTE - SEP 2024,E8982D1,M,Full,Optical,50-20-145,GLOBAL,Lacoste,Plastic,LACOSTE,True,ACETATE,210,STRIPED BROWN,CHINA ONLY,"95,50","69,00",L2966,,"260,00",THE LINE,Rectangle,,brown,shiny,0,2024-01-01,46.0,19.0,20,75,35,67,39,67,46.0,19.0,20,75,35,67,39,67
155,Optical,4,"185,00",LACOSTE - SEP 2024,E8982D1,M,Full,Optical,50-20-145,GLOBAL,Lacoste,Plastic,LACOSTE,True,ACETATE,230,DARK HAVANA,CHINA ONLY,"95,50","69,00",L2966,,"260,00",THE LINE,Rectangle,,tortoise,shiny,0,2024-01-01,46.0,19.0,20,75,35,67,39,67,46.0,19.0,20,75,35,67,39,67
156,Optical,4,"185,00",LACOSTE - SEP 2024,E8982D1,M,Full,Optical,50-20-145,GLOBAL,Lacoste,Plastic,LACOSTE,True,ACETATE,275,STRIPED KHAKI,CHINA ONLY,"95,50","69,00",L2966,,"260,00",THE LINE,Rectangle,,beige,shiny,0,2024-01-01,46.0,19.0,20,75,35,67,39,67,46.0,19.0,20,75,35,67,39,67
157,Sun,4,"185,00",LACOSTE - SEP 2024,E8997A1,M,Full,Sun,53-20-145,GLOBAL,Lacoste,Plastic,LACOSTE,True,ACETATE,33,GUNMETAL,CHINA ONLY,"107,50","84,50",L265S,,"215,00",THE LINE,Rectangle,,grey,shiny,0,2024-01-01,46.0,19.0,20,75,35,67,39,67,46.0,19.0,20,75,35,67,39,67
158,Sun,4,"185,00",LACOSTE - SEP 2024,E8997A1,M,Full,Sun,53-20-145,GLOBAL,Lacoste,Plastic,LACOSTE,True,ACETATE,38,LIGHT GUNMETAL,CHINA ONLY,"107,50","84,50",L265S,,"215,00",THE LINE,Rectangle,,grey,shiny,0,2024-01-01,46.0,19.0,20,75,35,67,39,67,46.0,19.0,20,75,35,67,39,67
159,Sun,4,"185,00",LACOSTE - SEP 2024,E8997A1,M,Full,Sun,53-20-145,GLOBAL,Lacoste,Plastic,LACOSTE,True,ACETATE,712,LIGHT GOLD,CHINA ONLY,"107,50","84,50",L265S,,"215,00",THE LINE,Rectangle,,green,shiny,0,2024-01-01,46.0,19.0,20,75,35,67,39,67,46.0,19.0,20,75,35,67,39,67
160,Sun,4,"185,00",LACOSTE - SEP 2024,E8997A1,M,Full,Sun,53-20-145,GLOBAL,Lacoste,Plastic,LACOSTE,True,ACETATE,714,GOLD,CHINA ONLY,"107,50","84,50",L265S,,"215,00",THE LINE,Rectangle,,gold,shiny,0,2024-01-01,46.0,19.0,20,75,35,67,39,67,46.0,19.0,20,75,35,67,39,67
161,Sun,4,"180,00",LACOSTE - SEP 2024,E8694E1,M,Full,Sun,51-20-145,GLOBAL,Lacoste,Plastic,LACOSTE,True,ACETATE,1,BLACK/GOLD,CHINA ONLY,"104,50","82,50",L266S,,"210,00",PETIT PIQUÉ,Rectangle,,black,shiny,1,2024-01-01,46.0,19.0,20,75,35,67,39,67,46.0,19.0,20,75,35,67,39,67
162,Sun,4,"180,00",LACOSTE - SEP 2024,E8694E1,M,Full,Sun,51-20-145,GLOBAL,Lacoste,Plastic,LACOSTE,True,ACETATE,2,MATTE BLACK,CHINA ONLY,"104,50","82,50",L266S,,"210,00",PETIT PIQUÉ,Rectangle,,black,matte,0,2024-01-01,46.0,19.0,20,75,35,67,39,67,46.0,19.0,20,75,35,67,39,67
163,Sun,4,"180,00",LACOSTE - SEP 2024,E8694E1,M,Full,Sun,51-20-145,GLOBAL,Lacoste,Plastic,LACOSTE,True,ACETATE,214,HAVANA/GOLD,CHINA ONLY,"104,50","82,50",L266S,,"210,00",PETIT PIQUÉ,Rectangle,,tortoise,shiny,1,2024-01-01,46.0,19.0,20,75,35,67,39,67,46.0,19.0,20,75,35,67,39,67
164,Sun,4,"180,00",LACOSTE - SEP 2024,E8694E1,M,Full,Sun,51-20-145,GLOBAL,Lacoste,Plastic,LACOSTE,True,ACETATE,301,GREEN/GUNMETAL,CHINA ONLY,"104,50","82,50",L266S,,"210,00",PETIT PIQUÉ,Rectangle,,green,shiny,1,2024-01-01,46.0,19.0,20,75,35,67,39,67,46.0,19.0,20,75,35,67,39,67
165,Sun,4,"115,00",LACOSTE - SEP 2024,E8184C1,U,Full,Sun,57-16-145,GLOBAL,Lacoste,Plastic,LACOSTE,True,BIO INJ-G820,2,MATTE BLACK,CHINA ONLY,"67,50","52,50",L6039S,,"135,00",STRIPES & PIPING,Oval,,black,matte,0,2024-01-01,46.0,19.0,20,75,35,67,39,67,46.0,19.0,20,75,35,67,39,67
166,Sun,4,"115,00",LACOSTE - SEP 2024,E8184C1,U,Full,Sun,57-16-145,GLOBAL,Lacoste,Plastic,LACOSTE,True,BIO INJ-G820,214,HAVANA,CHINA ONLY,"67,50","52,50",L6039S,,"135,00",STRIPES & PIPING,Oval,,tortoise,shiny,0,2024-01-01,46.0,19.0,20,75,35,67,39,67,46.0,19.0,20,75,35,67,39,67
167,Sun,4,"115,00",LACOSTE - SEP 2024,E8184C1,U,Full,Sun,57-16-145,GLOBAL,Lacoste,Plastic,LACOSTE,True,BIO INJ-G820,301,MATTE GREEN,CHINA ONLY,"67,50","52,50",L6039S,,"135,00",STRIPES & PIPING,Oval,,grey,matte,0,2024-01-01,46.0,19.0,20,75,35,67,39,67,46.0,19.0,20,75,35,67,39,67
168,Sun,4,"115,00",LACOSTE - SEP 2024,E8184C1,U,Full,Sun,57-16-145,GLOBAL,Lacoste,Plastic,LACOSTE,True,BIO INJ-G820,424,MATTE BLUE,CHINA ONLY,"67,50","52,50",L6039S,,"135,00",STRIPES & PIPING,Oval,,blue,matte,0,2024-01-01,46.0,19.0,20,75,35,67,39,67,46.0,19.0,20,75,35,67,39,67
169,Sun,4,"130,00",LACOSTE - SEP 2024,E8692C1,M,Full,Sun,51-20-145,GLOBAL,Lacoste,Plastic,LACOSTE,True,BIO INJ-G820,1,BLACK,CHINA ONLY,"74,50","59,50",L6040S,,"150,00",EASY RIBBON,Rectangle,,black,shiny,0,2024-01-01,46.0,19.0,20,75,35,67,39,67,46.0,19.0,20,75,35,67,39,67
170,Sun,4,"130,00",LACOSTE - SEP 2024,E8692C1,M,Full,Sun,51-20-145,GLOBAL,Lacoste,Plastic,LACOSTE,True,BIO INJ-G820,35,TRANSPARENT GREY,CHINA ONLY,"74,50","59,50",L6040S,,"150,00",EASY RIBBON,Rectangle,,crystal,shiny,0,2024-01-01,46.0,19.0,20,75,35,67,39,67,46.0,19.0,20,75,35,67,39,67
171,Sun,4,"130,00",LACOSTE - SEP 2024,E8692C1,M,Full,Sun,51-20-145,GLOBAL,Lacoste,Plastic,LACOSTE,True,BIO INJ-G820,210,TRANSPARENT BROWN,CHINA ONLY,"74,50","59,50",L6040S,,"150,00",EASY RIBBON,Rectangle,,crystal,shiny,0,2024-01-01,46.0,19.0,20,75,35,67,39,67,46.0,19.0,20,75,35,67,39,67
172,Sun,4,"130,00",LACOSTE - SEP 2024,E8692C1,M,Full,Sun,51-20-145,GLOBAL,Lacoste,Plastic,LACOSTE,True,BIO INJ-G820,214,HAVANA,CHINA ONLY,"74,50","59,50",L6040S,,"150,00",EASY RIBBON,Rectangle,,tortoise,shiny,0,2024-01-01,46.0,19.0,20,75,35,67,39,67,46.0,19.0,20,75,35,67,39,67
173,Sun,4,"130,00",LACOSTE - SEP 2024,E8692E1,M,Full,Sun,54-18-145,GLOBAL,Lacoste,Plastic,LACOSTE,True,BIO INJ-G820,1,BLACK,CHINA ONLY,"74,50","59,50",L6041S,,"150,00",EASY RIBBON,Rectangle,,black,shiny,0,2024-01-01,46.0,19.0,20,75,35,67,39,67,46.0,19.0,20,75,35,67,39,67
174,Sun,4,"130,00",LACOSTE - SEP 2024,E8692E1,M,Full,Sun,54-18-145,GLOBAL,Lacoste,Plastic,LACOSTE,True,BIO INJ-G820,2,MATTE BLACK,CHINA ONLY,"74,50","59,50",L6041S,,"150,00",EASY RIBBON,Rectangle,,black,matte,0,2024-01-01,46.0,19.0,20,75,35,67,39,67,46.0,19.0,20,75,35,67,39,67
175,Sun,4,"130,00",LACOSTE - SEP 2024,E8692E1,M,Full,Sun,54-18-145,GLOBAL,Lacoste,Plastic,LACOSTE,True,BIO INJ-G820,214,HAVANA,CHINA ONLY,"74,50","59,50",L6041S,,"150,00",EASY RIBBON,Rectangle,,tortoise,shiny,0,2024-01-01,46.0,19.0,20,75,35,67,39,67,46.0,19.0,20,75,35,67,39,67
176,Sun,4,"130,00",LACOSTE - SEP 2024,E8692E1,M,Full,Sun,54-18-145,GLOBAL,Lacoste,Plastic,LACOSTE,True,BIO INJ-G820,410,TRANSPARENT BLUE,CHINA ONLY,"74,50","59,50",L6041S,,"150,00",EASY RIBBON,Rectangle,,crystal,shiny,0,2024-01-01,46.0,19.0,20,75,35,67,39,67,46.0,19.0,20,75,35,67,39,67
177,Sun,6,"150,00",LACOSTE - SEP 2024,E8915B1,M,Full,Sun,55-17-145,GLOBAL,Lacoste,Plastic,LACOSTE,True,INJ-RUBBER,2,MATTE BLACK/GREY,CHINA ONLY,"84,50","67,50",L6042S,,"170,00",SPORT COLOR BLOCK,Rectangle,,black,matte,1,2024-01-01,46.0,19.0,20,75,35,67,39,67,46.0,19.0,20,75,35,67,39,67
178,Sun,6,"150,00",LACOSTE - SEP 2024,E8915B1,M,Full,Sun,55-17-145,GLOBAL,Lacoste,Plastic,LACOSTE,True,INJ-RUBBER,4,MATTE BLACK/PURPLE BLUE YELLOW,CHINA ONLY,"84,50","67,50",L6042S,,"170,00",SPORT COLOR BLOCK,Rectangle,,black,matte,1,2024-01-01,46.0,19.0,20,75,35,67,39,67,46.0,19.0,20,75,35,67,39,67
179,Sun,6,"150,00",LACOSTE - SEP 2024,E8915B1,M,Full,Sun,55-17-145,GLOBAL,Lacoste,Plastic,LACOSTE,True,INJ-RUBBER,275,MATTE KHAKI/BROWN MIIRROR,CHINA ONLY,"84,50","67,50",L6042S,,"170,00",SPORT COLOR BLOCK,Rectangle,,beige,matte,1,2024-01-01,46.0,19.0,20,75,35,67,39,67,46.0,19.0,20,75,35,67,39,67
180,Sun,6,"150,00",LACOSTE - SEP 2024,E8915B1,M,Full,Sun,55-17-145,GLOBAL,Lacoste,Plastic,LACOSTE,True,INJ-RUBBER,424,MATTE BLUE/BLUE MIRROR,CHINA ONLY,"84,50","67,50",L6042S,,"170,00",SPORT COLOR BLOCK,Rectangle,,blue,matte,1,2024-01-01,46.0,19.0,20,75,35,67,39,67,46.0,19.0,20,75,35,67,39,67
181,Sun,4,"150,00",LACOSTE - SEP 2024,E8915C1,M,Full,Sun,56-18-145,GLOBAL,Lacoste,Plastic,LACOSTE,True,INJ-RUBBER,2,MATTE BLACK/GREEN MIRROR,CHINA ONLY,"84,50","67,50",L6043S,,"170,00",SPORT COLOR BLOCK,Rectangle,,black,matte,1,2024-01-01,46.0,19.0,20,75,35,67,39,67,46.0,19.0,20,75,35,67,39,67
182,Sun,4,"150,00",LACOSTE - SEP 2024,E8915C1,M,Full,Sun,56-18-145,GLOBAL,Lacoste,Plastic,LACOSTE,True,INJ-RUBBER,301,MATTE GREEN/GREY,CHINA ONLY,"84,50","67,50",L6043S,,"170,00",SPORT COLOR BLOCK,Rectangle,,grey,matte,1,2024-01-01,46.0,19.0,20,75,35,67,39,67,46.0,19.0,20,75,35,67,39,67
183,Sun,4,"150,00",LACOSTE - SEP 2024,E8915C1,M,Full,Sun,56-18-145,GLOBAL,Lacoste,Plastic,LACOSTE,True,INJ-RUBBER,424,MATTE BLUE/BLUE,CHINA ONLY,"84,50","67,50",L6043S,,"170,00",SPORT COLOR BLOCK,Rectangle,,blue,matte,1,2024-01-01,46.0,19.0,20,75,35,67,39,67,46.0,19.0,20,75,35,67,39,67
184,Sun,4,"150,00",LACOSTE - SEP 2024,E8915C1,M,Full,Sun,56-18-145,GLOBAL,Lacoste,Plastic,LACOSTE,True,INJ-RUBBER,601,MATTE BURGUNDY/ORANGE MIRROR,CHINA ONLY,"84,50","67,50",L6043S,,"170,00",SPORT COLOR BLOCK,Rectangle,,black,matte,1,2024-01-01,46.0,19.0,20,75,35,67,39,67,46.0,19.0,20,75,35,67,39,67
185,Sun,4,"170,00",LACOSTE - SEP 2024,E8917A1,F,Full,Sun,54-20-145,GLOBAL,Lacoste,Plastic,LACOSTE,True,ACETATE,1,BLACK,CHINA ONLY,"97,50","77,00",L6044S,,"195,00",GEOMETRICAL COLOR BLOCK,Square,,black,shiny,0,2024-01-01,46.0,19.0,20,75,35,67,39,67,46.0,19.0,20,75,35,67,39,67
186,Sun,4,"170,00",LACOSTE - SEP 2024,E8917A1,F,Full,Sun,54-20-145,GLOBAL,Lacoste,Plastic,LACOSTE,True,ACETATE,214,HAVANA,CHINA ONLY,"97,50","77,00",L6044S,,"195,00",GEOMETRICAL COLOR BLOCK,Square,,tortoise,shiny,0,2024-01-01,46.0,19.0,20,75,35,67,39,67,46.0,19.0,20,75,35,67,39,67
187,Sun,4,"170,00",LACOSTE - SEP 2024,E8917A1,F,Full,Sun,54-20-145,GLOBAL,Lacoste,Plastic,LACOSTE,True,ACETATE,272,HAVANA BEIGE,CHINA ONLY,"97,50","77,00",L6044S,,"195,00",GEOMETRICAL COLOR BLOCK,Square,,tortoise,shiny,0,2024-01-01,46.0,19.0,20,75,35,67,39,67,46.0,19.0,20,75,35,67,39,67
188,Sun,4,"170,00",LACOSTE - SEP 2024,E8917A1,F,Full,Sun,54-20-145,GLOBAL,Lacoste,Plastic,LACOSTE,True,ACETATE,410,BLUE,CHINA ONLY,"97,50","77,00",L6044S,,"195,00",GEOMETRICAL COLOR BLOCK,Square,,blue,shiny,0,2024-01-01,46.0,19.0,20,75,35,67,39,67,46.0,19.0,20,75,35,67,39,67
189,Sun,4,"175,00",LACOSTE - SEP 2024,E8918B1,M,Full,Sun,54-19-145,GLOBAL,Lacoste,Plastic,LACOSTE,True,ACETATE,1,BLACK,CHINA ONLY,"99,50","79,00",L6045S,,"200,00",THE LINE,Rectangle,,black,shiny,0,2024-01-01,46.0,19.0,20,75,35,67,39,67,46.0,19.0,20,75,35,67,39,67
190,Sun,4,"175,00",LACOSTE - SEP 2024,E8918B1,M,Full,Sun,54-19-145,GLOBAL,Lacoste,Plastic,LACOSTE,True,ACETATE,218,HAVANA BLONDE,CHINA ONLY,"99,50","79,00",L6045S,,"200,00",THE LINE,Rectangle,,tortoise,shiny,0,2024-01-01,46.0,19.0,20,75,35,67,39,67,46.0,19.0,20,75,35,67,39,67
191,Sun,4,"175,00",LACOSTE - SEP 2024,E8918B1,M,Full,Sun,54-19-145,GLOBAL,Lacoste,Plastic,LACOSTE,True,ACETATE,230,DARK HAVANA,CHINA ONLY,"99,50","79,00",L6045S,,"200,00",THE LINE,Rectangle,,tortoise,shiny,0,2024-01-01,46.0,19.0,20,75,35,67,39,67,46.0,19.0,20,75,35,67,39,67
192,Sun,4,"175,00",LACOSTE - SEP 2024,E8918B1,M,Full,Sun,54-19-145,GLOBAL,Lacoste,Plastic,LACOSTE,True,ACETATE,410,TRANSPARENT BLUE,CHINA ONLY,"99,50","79,00",L6045S,,"200,00",THE LINE,Rectangle,,crystal,shiny,0,2024-01-01,46.0,19.0,20,75,35,67,39,67,46.0,19.0,20,75,35,67,39,67
193,Sun,4,"175,00",LACOSTE - SEP 2024,E8918C1,M,Full,Sun,52-20-145,GLOBAL,Lacoste,Plastic,LACOSTE,True,ACETATE,6,BLACK/HAVANA,CHINA ONLY,"99,50","79,00",L6046S,POTENTIAL ADV STYLE,"200,00",THE LINE,Rectangle,,black,shiny,1,2024-01-01,46.0,19.0,20,75,35,67,39,67,46.0,19.0,20,75,35,67,39,67
194,Sun,4,"175,00",LACOSTE - SEP 2024,E8918C1,M,Full,Sun,52-20-145,GLOBAL,Lacoste,Plastic,LACOSTE,True,ACETATE,210,STRIPED BROWN,CHINA ONLY,"99,50","79,00",L6046S,POTENTIAL ADV STYLE,"200,00",THE LINE,Rectangle,ADV SKU,brown,shiny,0,2024-01-01,46.0,19.0,20,75,35,67,39,67,46.0,19.0,20,75,35,67,39,67
195,Sun,4,"175,00",LACOSTE - SEP 2024,E8918C1,M,Full,Sun,52-20-145,GLOBAL,Lacoste,Plastic,LACOSTE,True,ACETATE,230,DARK HAVANA,CHINA ONLY,"99,50","79,00",L6046S,POTENTIAL ADV STYLE,"200,00",THE LINE,Rectangle,,tortoise,shiny,0,2024-01-01,46.0,19.0,20,75,35,67,39,67,46.0,19.0,20,75,35,67,39,67
196,Sun,4,"175,00",LACOSTE - SEP 2024,E8918C1,M,Full,Sun,52-20-145,GLOBAL,Lacoste,Plastic,LACOSTE,True,ACETATE,264,SAND/HAVANA,CHINA ONLY,"99,50","79,00",L6046S,POTENTIAL ADV STYLE,"200,00",THE LINE,Rectangle,,beige,shiny,1,2024-01-01,46.0,19.0,20,75,35,67,39,67,46.0,19.0,20,75,35,67,39,67
197,Sun,4,"175,00",LACOSTE - SEP 2024,E8918C1,M,Full,Sun,52-20-145,GLOBAL,Lacoste,Plastic,LACOSTE,True,ACETATE,275,STRIPED KHAKI,CHINA ONLY,"99,50","79,00",L6046S,POTENTIAL ADV STYLE,"200,00",THE LINE,Rectangle,,beige,shiny,0,2024-01-01,46.0,19.0,20,75,35,67,39,67,46.0,19.0,20,75,35,67,39,67
198,Sun,4,"150,00",LACOSTE - SEP 2024,E8925A2,F,Full,Sun,54-19-145,GLOBAL,Lacoste,Plastic,LACOSTE,True,BIO INJ-G820,1,BLACK,CHINA ONLY,"84,50","67,50",L6047S,POTENTIAL ADV STYLE,"170,00",MONOGRAM,Rectangle,,black,shiny,0,2024-01-01,46.0,19.0,20,75,35,67,39,67,46.0,19.0,20,75,35,67,39,67
199,Sun,4,"150,00",LACOSTE - SEP 2024,E8925A2,F,Full,Sun,54-19-145,GLOBAL,Lacoste,Plastic,LACOSTE,True,BIO INJ-G820,214,HAVANA,CHINA ONLY,"84,50","67,50",L6047S,POTENTIAL ADV STYLE,"170,00",MONOGRAM,Rectangle,,tortoise,shiny,0,2024-01-01,46.0,19.0,20,75,35,67,39,67,46.0,19.0,20,75,35,67,39,67
200,Sun,4,"150,00",LACOSTE - SEP 2024,E8925A2,F,Full,Sun,54-19-145,GLOBAL,Lacoste,Plastic,LACOSTE,True,BIO INJ-G820,264,SAND,CHINA ONLY,"84,50","67,50",L6047S,POTENTIAL ADV STYLE,"170,00",MONOGRAM,Rectangle,ADV SKU,beige,shiny,0,2024-01-01,46.0,19.0,20,75,35,67,39,67,46.0,19.0,20,75,35,67,39,67
201,Sun,4,"150,00",LACOSTE - SEP 2024,E8925A2,F,Full,Sun,54-19-145,GLOBAL,Lacoste,Plastic,LACOSTE,True,BIO INJ-G820,601,BURGUNDY,CHINA ONLY,"84,50","67,50",L6047S,POTENTIAL ADV STYLE,"170,00",MONOGRAM,Rectangle,,red,shiny,0,2024-01-01,46.0,19.0,20,75,35,67,39,67,46.0,19.0,20,75,35,67,39,67
202,Sun,4,"140,00",LACOSTE - SEP 2024,E8690E1,U,Full,Sun,51-20-145,GLOBAL,Lacoste,Plastic,LACOSTE,True,BIO INJ-G820,35,GREY,CHINA ONLY,"82,50","64,50",L6048S,,"165,00",L.12.12 TRIM,Oval,,grey,shiny,0,2024-01-01,46.0,19.0,20,75,35,67,39,67,46.0,19.0,20,75,35,67,39,67
203,Sun,4,"140,00",LACOSTE - SEP 2024,E8690E1,U,Full,Sun,51-20-145,GLOBAL,Lacoste,Plastic,LACOSTE,True,BIO INJ-G820,38,LIGHT GREY,CHINA ONLY,"82,50","64,50",L6048S,,"165,00",L.12.12 TRIM,Oval,,grey,shiny,0,2024-01-01,46.0,19.0,20,75,35,67,39,67,46.0,19.0,20,75,35,67,39,67
204,Sun,4,"140,00",LACOSTE - SEP 2024,E8690E1,U,Full,Sun,51-20-145,GLOBAL,Lacoste,Plastic,LACOSTE,True,BIO INJ-G820,210,BROWN,CHINA ONLY,"82,50","64,50",L6048S,,"165,00",L.12.12 TRIM,Oval,,brown,shiny,0,2024-01-01,46.0,19.0,20,75,35,67,39,67,46.0,19.0,20,75,35,67,39,67
205,Sun,4,"140,00",LACOSTE - SEP 2024,E8690E1,U,Full,Sun,51-20-145,GLOBAL,Lacoste,Plastic,LACOSTE,True,BIO INJ-G820,275,KHAKI,CHINA ONLY,"82,50","64,50",L6048S,,"165,00",L.12.12 TRIM,Oval,,beige,shiny,0,2024-01-01,46.0,19.0,20,75,35,67,39,67,46.0,19.0,20,75,35,67,39,67
206,Sun,4,"140,00",LACOSTE - SEP 2024,E8690E1,U,Full,Sun,51-20-145,GLOBAL,Lacoste,Plastic,LACOSTE,True,BIO INJ-G820,800,ORANGE,CHINA ONLY,"82,50","64,50",L6048S,,"165,00",L.12.12 TRIM,Oval,,orange,shiny,0,2024-01-01,46.0,19.0,20,75,35,67,39,67,46.0,19.0,20,75,35,67,39,67
207,Optical,4,222.75000000000003,NIKE - SEP 2024,PNRX-2402B,M,Full,Optical,56-17-145,GLOBAL,Nike,Plastic,NIKE,True,INJ-SILICONE,1,MATTE BLACK,CHINA ONLY,112.0,82.5,NK6066,,302.40000000000003,NK LIFESTYLE ELITE,Square,,black,matte,0,2024-01-01,46.0,19.0,20,75,35,67,39,67,46.0,19.0,20,75,35,67,39,67
208,Optical,4,222.75000000000003,NIKE - SEP 2024,PNRX-2402B,M,Full,Optical,56-17-145,GLOBAL,Nike,Plastic,NIKE,True,INJ-SILICONE,45,SATIN SILVER,CHINA ONLY,112.0,82.5,NK6066,,302.40000000000003,NK LIFESTYLE ELITE,Square,,silver,satin,0,2024-01-01,46.0,19.0,20,75,35,67,39,67,46.0,19.0,20,75,35,67,39,67
209,Optical,4,222.75000000000003,NIKE - SEP 2024,PNRX-2402B,M,Full,Optical,56-17-145,GLOBAL,Nike,Plastic,NIKE,True,INJ-SILICONE,70,SATIN GUNMETAL,CHINA ONLY,112.0,82.5,NK6066,,302.40000000000003,NK LIFESTYLE ELITE,Square,,grey,satin,0,2024-01-01,46.0,19.0,20,75,35,67,39,67,46.0,19.0,20,75,35,67,39,67
210,Optical,4,222.75000000000003,NIKE - SEP 2024,PNRX-2402B,M,Full,Optical,56-17-145,GLOBAL,Nike,Plastic,NIKE,True,INJ-SILICONE,411,MATTE OBSIDIAN/SILVER,CHINA ONLY,112.0,82.5,NK6066,,302.40000000000003,NK LIFESTYLE ELITE,Square,,black,matte,1,2024-01-01,46.0,19.0,20,75,35,67,39,67,46.0,19.0,20,75,35,67,39,67
211,Optical,4,222.75000000000003,NIKE - SEP 2024,PNRX-2402C,M,Full,Optical,55-16-145,GLOBAL,Nike,Plastic,NIKE,True,INJ-SILICONE,4,MATTE BLACK/ASTRONOMY BLUE,CHINA ONLY,112.0,82.5,NK6067,,302.40000000000003,NK LIFESTYLE ELITE,Rectangle,,black,matte,1,2024-01-01,46.0,19.0,20,75,35,67,39,67,46.0,19.0,20,75,35,67,39,67
212,Optical,4,222.75000000000003,NIKE - SEP 2024,PNRX-2402C,M,Full,Optical,55-16-145,GLOBAL,Nike,Plastic,NIKE,True,INJ-SILICONE,45,SATIN SILVER/TOTAL ORANGE,CHINA ONLY,112.0,82.5,NK6067,,302.40000000000003,NK LIFESTYLE ELITE,Rectangle,,silver,satin,1,2024-01-01,46.0,19.0,20,75,35,67,39,67,46.0,19.0,20,75,35,67,39,67
213,Optical,4,222.75000000000003,NIKE - SEP 2024,PNRX-2402C,M,Full,Optical,55-16-145,GLOBAL,Nike,Plastic,NIKE,True,INJ-SILICONE,70,SATIN GUNMETAL/DARK SMOKE GREY,CHINA ONLY,112.0,82.5,NK6067,,302.40000000000003,NK LIFESTYLE ELITE,Rectangle,,grey,satin,1,2024-01-01,46.0,19.0,20,75,35,67,39,67,46.0,19.0,20,75,35,67,39,67
214,Optical,4,222.75000000000003,NIKE - SEP 2024,PNRX-2402C,M,Full,Optical,55-16-145,GLOBAL,Nike,Plastic,NIKE,True,INJ-SILICONE,76,SATIN GUNMETAL/UNIVERSITY RED,CHINA ONLY,112.0,82.5,NK6067,,302.40000000000003,NK LIFESTYLE ELITE,Rectangle,,grey,satin,1,2024-01-01,46.0,19.0,20,75,35,67,39,67,46.0,19.0,20,75,35,67,39,67
215,Optical,4,182.25,NIKE - SEP 2024,PNRX-2437,F,Full,Optical,53-17-140,GLOBAL,Nike,Plastic,NIKE,True,REC ACETATE-RENEW,10,BLACK/CLEAR GRADIENT,CHINA ONLY,91.5,67.5,NK7177,MOVE TO ZERO SHAPE ADD ,247.05,NK LIFESTYLE STATEMENT,Rectangle,,black,shiny,1,2024-01-01,46.0,19.0,20,75,35,67,39,67,46.0,19.0,20,75,35,67,39,67
216,Optical,4,182.25,NIKE - SEP 2024,PNRX-2437,F,Full,Optical,53-17-140,GLOBAL,Nike,Plastic,NIKE,True,REC ACETATE-RENEW,25,GREY/LILAC GRADIENT,CHINA ONLY,91.5,67.5,NK7177,MOVE TO ZERO SHAPE ADD ,247.05,NK LIFESTYLE STATEMENT,Rectangle,,grey,shiny,1,2024-01-01,46.0,19.0,20,75,35,67,39,67,46.0,19.0,20,75,35,67,39,67
217,Optical,4,182.25,NIKE - SEP 2024,PNRX-2437,F,Full,Optical,53-17-140,GLOBAL,Nike,Plastic,NIKE,True,REC ACETATE-RENEW,277,CACAO/PINK FOAM GRADIENT,CHINA ONLY,91.5,67.5,NK7177,MOVE TO ZERO SHAPE ADD ,247.05,NK LIFESTYLE STATEMENT,Rectangle,,brown,shiny,1,2024-01-01,46.0,19.0,20,75,35,67,39,67,46.0,19.0,20,75,35,67,39,67
218,Optical,4,182.25,NIKE - SEP 2024,PNRX-2437,F,Full,Optical,53-17-140,GLOBAL,Nike,Plastic,NIKE,True,REC ACETATE-RENEW,407,BLUE/PEACH GRADIENT,CHINA ONLY,91.5,67.5,NK7177,MOVE TO ZERO SHAPE ADD ,247.05,NK LIFESTYLE STATEMENT,Rectangle,ad image,blue,shiny,1,2024-01-01,46.0,19.0,20,75,35,67,39,67,46.0,19.0,20,75,35,67,39,67
219,Optical,4,160.65,NIKE - SEP 2024,PNRX-2438C,M,Full,Optical,53-18-145,GLOBAL,Nike,Plastic,NIKE,True,BIO INJ-G850,1,BLACK,CHINA ONLY,81.0,59.5,NK7277,LIVE FREE SHAPE ADD,218.70000000000002,NK LIFESTYLE ESSENTIALS,Rectangle,,black,shiny,0,2024-01-01,46.0,19.0,20,75,35,67,39,67,46.0,19.0,20,75,35,67,39,67
220,Optical,4,160.65,NIKE - SEP 2024,PNRX-2438C,M,Full,Optical,53-18-145,GLOBAL,Nike,Plastic,NIKE,True,BIO INJ-G850,34,SMOKE GREY,CHINA ONLY,81.0,59.5,NK7277,LIVE FREE SHAPE ADD,218.70000000000002,NK LIFESTYLE ESSENTIALS,Rectangle,,grey,shiny,0,2024-01-01,46.0,19.0,20,75,35,67,39,67,46.0,19.0,20,75,35,67,39,67
221,Optical,4,160.65,NIKE - SEP 2024,PNRX-2438C,M,Full,Optical,53-18-145,GLOBAL,Nike,Plastic,NIKE,True,BIO INJ-G850,301,VINTAGE GREEN,CHINA ONLY,81.0,59.5,NK7277,LIVE FREE SHAPE ADD,218.70000000000002,NK LIFESTYLE ESSENTIALS,Rectangle,,green,shiny,0,2024-01-01,46.0,19.0,20,75,35,67,39,67,46.0,19.0,20,75,35,67,39,67
222,Optical,4,160.65,NIKE - SEP 2024,PNRX-2438C,M,Full,Optical,53-18-145,GLOBAL,Nike,Plastic,NIKE,True,BIO INJ-G850,412,ARMORY NAVY,CHINA ONLY,81.0,59.5,NK7277,LIVE FREE SHAPE ADD,218.70000000000002,NK LIFESTYLE ESSENTIALS,Rectangle,,grey,shiny,0,2024-01-01,46.0,19.0,20,75,35,67,39,67,46.0,19.0,20,75,35,67,39,67
223,Optical,4,160.65,NIKE - SEP 2024,PNRX-2438E,M,Full,Optical,55-18-145,GLOBAL,Nike,Plastic,NIKE,True,BIO INJ-G850,1,BLACK,CHINA ONLY,81.0,59.5,NK7278,LIVE FREE SHAPE ADD,218.70000000000002,NK LIFESTYLE ESSENTIALS,Rectangle,,black,shiny,0,2024-01-01,46.0,19.0,20,75,35,67,39,67,46.0,19.0,20,75,35,67,39,67
224,Optical,4,160.65,NIKE - SEP 2024,PNRX-2438E,M,Full,Optical,55-18-145,GLOBAL,Nike,Plastic,NIKE,True,BIO INJ-G850,34,SMOKE GREY,CHINA ONLY,81.0,59.5,NK7278,LIVE FREE SHAPE ADD,218.70000000000002,NK LIFESTYLE ESSENTIALS,Rectangle,,grey,shiny,0,2024-01-01,46.0,19.0,20,75,35,67,39,67,46.0,19.0,20,75,35,67,39,67
225,Optical,4,160.65,NIKE - SEP 2024,PNRX-2438E,M,Full,Optical,55-18-145,GLOBAL,Nike,Plastic,NIKE,True,BIO INJ-G850,411,OBSIDIAN,CHINA ONLY,81.0,59.5,NK7278,LIVE FREE SHAPE ADD,218.70000000000002,NK LIFESTYLE ESSENTIALS,Rectangle,,black,shiny,0,2024-01-01,46.0,19.0,20,75,35,67,39,67,46.0,19.0,20,75,35,67,39,67
226,Optical,4,160.65,NIKE - SEP 2024,PNRX-2438E,M,Full,Optical,55-18-145,GLOBAL,Nike,Plastic,NIKE,True,BIO INJ-G850,903,CLEAR,CHINA ONLY,81.0,59.5,NK7278,LIVE FREE SHAPE ADD,218.70000000000002,NK LIFESTYLE ESSENTIALS,Rectangle,,crystal,shiny,0,2024-01-01,46.0,19.0,20,75,35,67,39,67,46.0,19.0,20,75,35,67,39,67
227,Optical,4,126.9,NIKE - SEP 2024,PNRX-2403D,M,Full,Optical,56-14-145,GLOBAL,Nike,Plastic,NIKE,True,BIO INJ-G850,6,MATTE BLACK/UNIVERSITY RED,CHINA ONLY,65.0,47.0,NK7291,INSPIRED BY NIKE RABID 22,175.5,NK PERFORMANCE ESSENTIALS,Rectangle,,black,matte,1,2024-01-01,46.0,19.0,20,75,35,67,39,67,46.0,19.0,20,75,35,67,39,67
228,Optical,4,126.9,NIKE - SEP 2024,PNRX-2403D,M,Full,Optical,56-14-145,GLOBAL,Nike,Plastic,NIKE,True,BIO INJ-G850,34,MATTE SMOKE GREY/TOTAL ORANGE,CHINA ONLY,65.0,47.0,NK7291,INSPIRED BY NIKE RABID 22,175.5,NK PERFORMANCE ESSENTIALS,Rectangle,,grey,matte,1,2024-01-01,46.0,19.0,20,75,35,67,39,67,46.0,19.0,20,75,35,67,39,67
229,Optical,4,126.9,NIKE - SEP 2024,PNRX-2403D,M,Full,Optical,56-14-145,GLOBAL,Nike,Plastic,NIKE,True,BIO INJ-G850,51,MATTE LIGHT SILVER/STAD GREEN,CHINA ONLY,65.0,47.0,NK7291,INSPIRED BY NIKE RABID 22,175.5,NK PERFORMANCE ESSENTIALS,Rectangle,,silver,matte,1,2024-01-01,46.0,19.0,20,75,35,67,39,67,46.0,19.0,20,75,35,67,39,67
230,Optical,4,126.9,NIKE - SEP 2024,PNRX-2403D,M,Full,Optical,56-14-145,GLOBAL,Nike,Plastic,NIKE,True,BIO INJ-G850,431,MATTE ASTRONOMY BLUE/OBSIDIAN,CHINA ONLY,65.0,47.0,NK7291,INSPIRED BY NIKE RABID 22,175.5,NK PERFORMANCE ESSENTIALS,Rectangle,,grey,matte,1,2024-01-01,46.0,19.0,20,75,35,67,39,67,46.0,19.0,20,75,35,67,39,67
231,Optical,4,126.9,NIKE - SEP 2024,PNRX-2403F,M,Full,Optical,54-16-145,GLOBAL,Nike,Plastic,NIKE,True,BIO INJ-G850,1,MATTE BLACK/SMOKE GREY,CHINA ONLY,65.0,47.0,NK7292,INSPIRED BY NIKE RABID 22,175.5,NK PERFORMANCE ESSENTIALS,Rectangle,,black,matte,1,2024-01-01,46.0,19.0,20,75,35,67,39,67,46.0,19.0,20,75,35,67,39,67
232,Optical,4,126.9,NIKE - SEP 2024,PNRX-2403F,M,Full,Optical,54-16-145,GLOBAL,Nike,Plastic,NIKE,True,BIO INJ-G850,34,MATTE SMOKE GREY/CYBER,CHINA ONLY,65.0,47.0,NK7292,INSPIRED BY NIKE RABID 22,175.5,NK PERFORMANCE ESSENTIALS,Rectangle,,grey,matte,1,2024-01-01,46.0,19.0,20,75,35,67,39,67,46.0,19.0,20,75,35,67,39,67
233,Optical,4,126.9,NIKE - SEP 2024,PNRX-2403F,M,Full,Optical,54-16-145,GLOBAL,Nike,Plastic,NIKE,True,BIO INJ-G850,301,MATTE VINTAGE GREEN/BICOASTAL,CHINA ONLY,65.0,47.0,NK7292,INSPIRED BY NIKE RABID 22,175.5,NK PERFORMANCE ESSENTIALS,Rectangle,,green,matte,1,2024-01-01,46.0,19.0,20,75,35,67,39,67,46.0,19.0,20,75,35,67,39,67
234,Optical,4,126.9,NIKE - SEP 2024,PNRX-2403F,M,Full,Optical,54-16-145,GLOBAL,Nike,Plastic,NIKE,True,BIO INJ-G850,411,MATTE OBSIDIAN/ASTRONOMY BLUE,CHINA ONLY,65.0,47.0,NK7292,INSPIRED BY NIKE RABID 22,175.5,NK PERFORMANCE ESSENTIALS,Rectangle,,black,matte,1,2024-01-01,46.0,19.0,20,75,35,67,39,67,46.0,19.0,20,75,35,67,39,67
235,Optical,4,140.4,NIKE - SEP 2024,PNRX-2404A,M,Full,Optical,56-12-145,GLOBAL,Nike,Plastic,NIKE,True,BIO INJ-G850,1,MATTE BLACK/SMOKE GREY,CHINA ONLY,69.0,52.0,NK8157,INSPIRED BY NIKE RABID 22,186.3,NK PERFORMANCE STATEMENT,Rectangle,,black,matte,1,2024-01-01,46.0,19.0,20,75,35,67,39,67,46.0,19.0,20,75,35,67,39,67
236,Optical,4,140.4,NIKE - SEP 2024,PNRX-2404A,M,Full,Optical,56-12-145,GLOBAL,Nike,Plastic,NIKE,True,BIO INJ-G850,39,MATTE SMOKE GREY/TOTAL ORANGE,CHINA ONLY,69.0,52.0,NK8157,INSPIRED BY NIKE RABID 22,186.3,NK PERFORMANCE STATEMENT,Rectangle,,grey,matte,1,2024-01-01,46.0,19.0,20,75,35,67,39,67,46.0,19.0,20,75,35,67,39,67
237,Optical,4,140.4,NIKE - SEP 2024,PNRX-2404A,M,Full,Optical,56-12-145,GLOBAL,Nike,Plastic,NIKE,True,BIO INJ-G850,70,SATIN GUNMETAL/STADIUM GREEN,CHINA ONLY,69.0,52.0,NK8157,INSPIRED BY NIKE RABID 22,186.3,NK PERFORMANCE STATEMENT,Rectangle,,grey,satin,1,2024-01-01,46.0,19.0,20,75,35,67,39,67,46.0,19.0,20,75,35,67,39,67
238,Optical,4,140.4,NIKE - SEP 2024,PNRX-2404A,M,Full,Optical,56-12-145,GLOBAL,Nike,Plastic,NIKE,True,BIO INJ-G850,412,MATTE ARMORY NAVY/ASHEN SLATE,CHINA ONLY,69.0,52.0,NK8157,INSPIRED BY NIKE RABID 22,186.3,NK PERFORMANCE STATEMENT,Rectangle,ad image,grey,matte,1,2024-01-01,46.0,19.0,20,75,35,67,39,67,46.0,19.0,20,75,35,67,39,67
239,Optical,4,191.70000000000002,NIKE - SEP 2024,PNRX-2405B,M,Full,Optical,56-18-145,GLOBAL,Nike,Plastic,NIKE,True,CO-INJECTION,1,MATTE BLACK/SMOKE GREY ,CHINA ONLY,97.5,71.0,NK7405,,263.25,NK PERFORMANCE STATEMENT,Rectangle,,black,matte,1,2024-01-01,46.0,19.0,20,75,35,67,39,67,46.0,19.0,20,75,35,67,39,67
240,Optical,4,191.70000000000002,NIKE - SEP 2024,PNRX-2405B,M,Full,Optical,56-18-145,GLOBAL,Nike,Plastic,NIKE,True,CO-INJECTION,34,MATTE SMOKE GREY ,CHINA ONLY,97.5,71.0,NK7405,,263.25,NK PERFORMANCE STATEMENT,Rectangle,,grey,matte,0,2024-01-01,46.0,19.0,20,75,35,67,39,67,46.0,19.0,20,75,35,67,39,67
241,Optical,4,191.70000000000002,NIKE - SEP 2024,PNRX-2405B,M,Full,Optical,56-18-145,GLOBAL,Nike,Plastic,NIKE,True,CO-INJECTION,301,MATTE VINTAGE GREEN,CHINA ONLY,97.5,71.0,NK7405,,263.25,NK PERFORMANCE STATEMENT,Rectangle,,green,matte,0,2024-01-01,46.0,19.0,20,75,35,67,39,67,46.0,19.0,20,75,35,67,39,67
242,Optical,4,191.70000000000002,NIKE - SEP 2024,PNRX-2405B,M,Full,Optical,56-18-145,GLOBAL,Nike,Plastic,NIKE,True,CO-INJECTION,411,MATTE OBSIDIAN,CHINA ONLY,97.5,71.0,NK7405,,263.25,NK PERFORMANCE STATEMENT,Rectangle,,black,matte,0,2024-01-01,46.0,19.0,20,75,35,67,39,67,46.0,19.0,20,75,35,67,39,67
243,Optical,4,210.60000000000002,NIKE - SEP 2024,PNRX-2460B,F,Full,Optical,55-15-145,GLOBAL,Nike,Plastic,NIKE,True,METAL,1,MATTE BLACK,CHINA ONLY,105.0,78.0,NK8214,,283.5,NK STREETWEAR STATEMENT,Square,,black,matte,0,2024-01-01,46.0,19.0,20,75,35,67,39,67,46.0,19.0,20,75,35,67,39,67
244,Optical,4,210.60000000000002,NIKE - SEP 2024,PNRX-2460B,F,Full,Optical,55-15-145,GLOBAL,Nike,Plastic,NIKE,True,METAL,320,MATTE GREEN FROST,CHINA ONLY,105.0,78.0,NK8214,,283.5,NK STREETWEAR STATEMENT,Square,,grey,matte,0,2024-01-01,46.0,19.0,20,75,35,67,39,67,46.0,19.0,20,75,35,67,39,67
245,Optical,4,210.60000000000002,NIKE - SEP 2024,PNRX-2460B,F,Full,Optical,55-15-145,GLOBAL,Nike,Plastic,NIKE,True,METAL,671,MATTE ASTER PINK,CHINA ONLY,105.0,78.0,NK8214,,283.5,NK STREETWEAR STATEMENT,Square,,grey,matte,0,2024-01-01,46.0,19.0,20,75,35,67,39,67,46.0,19.0,20,75,35,67,39,67
246,Optical,4,210.60000000000002,NIKE - SEP 2024,PNRX-2460B,F,Full,Optical,55-15-145,GLOBAL,Nike,Plastic,NIKE,True,METAL,780,SHINY ROSE GOLD,CHINA ONLY,105.0,78.0,NK8214,,"267,30",NK STREETWEAR STATEMENT,Square,ad image,gold,shiny,0,2024-01-01,46.0,19.0,20,75,35,67,39,67,46.0,19.0,20,75,35,67,39,67
247,Optical,4,210.60000000000002,NIKE - SEP 2024,PNRX-2460C,M,Full,Optical,56-13-145,GLOBAL,Nike,Plastic,NIKE,True,METAL,1,MATTE BLACK,CHINA ONLY,105.0,78.0,NK8215,,"267,30",NK STREETWEAR STATEMENT,Navigator,,black,matte,0,2024-01-01,46.0,19.0,20,75,35,67,39,67,46.0,19.0,20,75,35,67,39,67
248,Optical,4,210.60000000000002,NIKE - SEP 2024,PNRX-2460C,M,Full,Optical,56-13-145,GLOBAL,Nike,Plastic,NIKE,True,METAL,45,SATIN SILVER,CHINA ONLY,105.0,78.0,NK8215,,"267,30",NK STREETWEAR STATEMENT,Navigator,ad image,silver,satin,0,2024-01-01,46.0,19.0,20,75,35,67,39,67,46.0,19.0,20,75,35,67,39,67
249,Optical,4,210.60000000000002,NIKE - SEP 2024,PNRX-2460C,M,Full,Optical,56-13-145,GLOBAL,Nike,Plastic,NIKE,True,METAL,431,MATTE ASTRONOMY BLUE,CHINA ONLY,105.0,78.0,NK8215,,"267,30",NK STREETWEAR STATEMENT,Navigator,,grey,matte,0,2024-01-01,46.0,19.0,20,75,35,67,39,67,46.0,19.0,20,75,35,67,39,67
250,Optical,4,210.60000000000002,NIKE - SEP 2024,PNRX-2460C,M,Full,Optical,56-13-145,GLOBAL,Nike,Plastic,NIKE,True,METAL,731,MATTE CYBER,CHINA ONLY,105.0,78.0,NK8215,,"267,30",NK STREETWEAR STATEMENT,Navigator,,yellow,matte,0,2024-01-01,46.0,19.0,20,75,35,67,39,67,46.0,19.0,20,75,35,67,39,67
251,Optical,4,197.10000000000002,NIKE - SEP 2024,PNRX-2436D,M,Full,Optical,51-18-145,GLOBAL,Nike,Plastic,NIKE,True,REC ACETATE-RENEW,1,MATTE BLACK,CHINA ONLY,99.0,73.0,NK8400,MOVE TO ZERO,"283,50",NK LIFESTYLE STATEMENT,Round,,black,matte,0,2024-01-01,46.0,19.0,20,75,35,67,39,67,46.0,19.0,20,75,35,67,39,67
252,Optical,4,197.10000000000002,NIKE - SEP 2024,PNRX-2436D,M,Full,Optical,51-18-145,GLOBAL,Nike,Plastic,NIKE,True,REC ACETATE-RENEW,45,SATIN SILVER/GREY,CHINA ONLY,99.0,73.0,NK8400,MOVE TO ZERO,"283,50",NK LIFESTYLE STATEMENT,Round,,silver,satin,1,2024-01-01,46.0,19.0,20,75,35,67,39,67,46.0,19.0,20,75,35,67,39,67
253,Optical,4,197.10000000000002,NIKE - SEP 2024,PNRX-2436D,M,Full,Optical,51-18-145,GLOBAL,Nike,Plastic,NIKE,True,REC ACETATE-RENEW,74,SATIN GUNMETAL/ASHEN SLATE,CHINA ONLY,99.0,73.0,NK8400,MOVE TO ZERO,"283,50",NK LIFESTYLE STATEMENT,Round,,grey,satin,1,2024-01-01,46.0,19.0,20,75,35,67,39,67,46.0,19.0,20,75,35,67,39,67
254,Optical,4,197.10000000000002,NIKE - SEP 2024,PNRX-2436D,M,Full,Optical,51-18-145,GLOBAL,Nike,Plastic,NIKE,True,REC ACETATE-RENEW,717,SATIN GOLD/ARMORY NAVY,CHINA ONLY,99.0,73.0,NK8400,MOVE TO ZERO,"283,50",NK LIFESTYLE STATEMENT,Round,,grey,satin,1,2024-01-01,46.0,19.0,20,75,35,67,39,67,46.0,19.0,20,75,35,67,39,67
255,Optical,4,197.10000000000002,NIKE - SEP 2024,PNRX-2436F,F,Full,Optical,53-16-140,GLOBAL,Nike,Plastic,NIKE,True,REC ACETATE-RENEW,45,SHINY SILVER/BLUE,CHINA ONLY,99.0,73.0,NK8401,MOVE TO ZERO,"283,50",NK LIFESTYLE STATEMENT,Square,,silver,shiny,1,2024-01-01,46.0,19.0,20,75,35,67,39,67,46.0,19.0,20,75,35,67,39,67
256,Optical,4,197.10000000000002,NIKE - SEP 2024,PNRX-2436F,F,Full,Optical,53-16-140,GLOBAL,Nike,Plastic,NIKE,True,REC ACETATE-RENEW,717,SHINY GOLD/BLACK,CHINA ONLY,99.0,73.0,NK8401,MOVE TO ZERO,"283,50",NK LIFESTYLE STATEMENT,Square,,gold,shiny,1,2024-01-01,46.0,19.0,20,75,35,67,39,67,46.0,19.0,20,75,35,67,39,67
257,Optical,4,197.10000000000002,NIKE - SEP 2024,PNRX-2436F,F,Full,Optical,53-16-140,GLOBAL,Nike,Plastic,NIKE,True,REC ACETATE-RENEW,780,SHINY ROSE GOLD/BERRY,CHINA ONLY,99.0,73.0,NK8401,MOVE TO ZERO,"283,50",NK LIFESTYLE STATEMENT,Square,,gold,shiny,1,2024-01-01,46.0,19.0,20,75,35,67,39,67,46.0,19.0,20,75,35,67,39,67
258,Optical,4,197.10000000000002,NIKE - SEP 2024,PNRX-2439C,U,Full,Optical,50-19-145,GLOBAL,Nike,Plastic,NIKE,True,REC ACETATE-RENEW,1,BLACK,CHINA ONLY,99.0,73.0,NK8402,MOVE TO ZERO,"283,50",NK LIFESTYLE STATEMENT,Round,ad image,black,shiny,0,2024-01-01,46.0,19.0,20,75,35,67,39,67,46.0,19.0,20,75,35,67,39,67
259,Optical,4,197.10000000000002,NIKE - SEP 2024,PNRX-2439C,U,Full,Optical,50-19-145,GLOBAL,Nike,Plastic,NIKE,True,REC ACETATE-RENEW,240,SOFT TORTOISE/GUNMETAL,CHINA ONLY,99.0,73.0,NK8402,MOVE TO ZERO,"283,50",NK LIFESTYLE STATEMENT,Round,,tortoise,shiny,1,2024-01-01,46.0,19.0,20,75,35,67,39,67,46.0,19.0,20,75,35,67,39,67
260,Optical,4,197.10000000000002,NIKE - SEP 2024,PNRX-2439C,U,Full,Optical,50-19-145,GLOBAL,Nike,Plastic,NIKE,True,REC ACETATE-RENEW,458,ASHEN SLATE /GUNMETAL,CHINA ONLY,99.0,73.0,NK8402,MOVE TO ZERO,"283,50",NK LIFESTYLE STATEMENT,Round,ad image,other,shiny,1,2024-01-01,46.0,19.0,20,75,35,67,39,67,46.0,19.0,20,75,35,67,39,67
261,Optical,4,197.10000000000002,NIKE - SEP 2024,PNRX-2439C,U,Full,Optical,50-19-145,GLOBAL,Nike,Plastic,NIKE,True,REC ACETATE-RENEW,605,BURGUNDY/SILVER,CHINA ONLY,99.0,73.0,NK8402,MOVE TO ZERO,"283,50",NK LIFESTYLE STATEMENT,Round,,red,shiny,1,2024-01-01,46.0,19.0,20,75,35,67,39,67,46.0,19.0,20,75,35,67,39,67
262,Sun,6,174.9,NIKE - SEP 2024,PNS-2435C (Ace Driver Shape Add),M,Full,Sun,59-18-145,GLOBAL,Nike,Plastic,NIKE,True,TITANIUM,907,SATIN GUNMETAL / GREEN,CHINA ONLY,99.5,79.5,NKEV24041,SHAPE ADD,199,NK LIFESTYLE ELITE,Aviator,,grey,satin,1,2024-01-01,46.0,19.0,20,75,35,67,39,67,46.0,19.0,20,75,35,67,39,67
263,Sun,6,174.9,NIKE - SEP 2024,PNS-2435C (Ace Driver Shape Add),M,Full,Sun,59-18-145,GLOBAL,Nike,Plastic,NIKE,True,TITANIUM,10,MATTE BLACK/GREY,CHINA ONLY,99.5,79.5,NKEV24041,SHAPE ADD,199,NK LIFESTYLE ELITE,Aviator,,black,matte,1,2024-01-01,46.0,19.0,20,75,35,67,39,67,46.0,19.0,20,75,35,67,39,67
264,Sun,6,191.4,NIKE - SEP 2024,PNS-2435C (Ace Driver Shape Add),M,Full,Sun,59-18-145,GLOBAL,Nike,Plastic,NIKE,True,TITANIUM,993,SATIN GUNMETAL / POLAR LITE BLUE,CHINA ONLY,109.5,87.0,NKEV24043,SHAPE ADD,219,NK LIFESTYLE ELITE,Aviator,,grey,satin,1,2024-01-01,46.0,19.0,20,75,35,67,39,67,46.0,19.0,20,75,35,67,39,67
265,Sun,6,191.4,NIKE - SEP 2024,PNS-2435C (Ace Driver Shape Add),M,Full,Sun,59-18-145,GLOBAL,Nike,Plastic,NIKE,True,TITANIUM,902,SATIN SILVER/COURSE TINT,CHINA ONLY,104.5,87.0,NKEV24042,SHAPE ADD,209,NK LIFESTYLE ELITE,Aviator,,silver,satin,1,2024-01-01,46.0,19.0,20,75,35,67,39,67,46.0,19.0,20,75,35,67,39,67
266,Sun,8,104.50000000000001,NIKE - SEP 2024,PNS-2408A (Cloak Adult),M,Half,Sun,71-09-130,GLOBAL,Nike,Plastic,NIKE,True,BIO INJ-G850,410,MATTE OBSIDIAN / BLUE MIRROR,CHINA ONLY,59.5,47.5,NKEV24036,,119,NK PERFORMANCE STATEMENT,Rectangle,,black,matte,1,2024-01-01,46.0,19.0,20,75,35,67,39,67,46.0,19.0,20,75,35,67,39,67
267,Sun,8,104.50000000000001,NIKE - SEP 2024,PNS-2408A (Cloak Adult),M,Half,Sun,71-09-130,GLOBAL,Nike,Plastic,NIKE,True,BIO INJ-G850,10,MATTE BLACK/GREY,CHINA ONLY,59.5,47.5,NKEV24036,,119,NK PERFORMANCE STATEMENT,Rectangle,,black,matte,1,2024-01-01,46.0,19.0,20,75,35,67,39,67,46.0,19.0,20,75,35,67,39,67
268,Sun,8,104.50000000000001,NIKE - SEP 2024,PNS-2408A (Cloak Adult),M,Half,Sun,71-09-130,GLOBAL,Nike,Plastic,NIKE,True,BIO INJ-G850,907,MATTE LIGHT SILVER / GREEN MIR,CHINA ONLY,59.5,47.5,NKEV24036,,119,NK PERFORMANCE STATEMENT,Rectangle,,silver,matte,1,2024-01-01,46.0,19.0,20,75,35,67,39,67,46.0,19.0,20,75,35,67,39,67
269,Sun,8,104.50000000000001,NIKE - SEP 2024,PNS-2408A (Cloak Adult),M,Half,Sun,71-09-130,GLOBAL,Nike,Plastic,NIKE,True,BIO INJ-G850,12,MATTE BLACK / FIELD TINT,CHINA ONLY,64.5,47.5,NKEV24037,,129,NK PERFORMANCE STATEMENT,Rectangle,,black,matte,1,2024-01-01,46.0,19.0,20,75,35,67,39,67,46.0,19.0,20,75,35,67,39,67
270,Sun,8,130.9,NIKE - SEP 2024,PNS-2408A (Cloak Adult),M,Half,Sun,71-09-130,GLOBAL,Nike,Plastic,NIKE,True,BIO INJ-G850,223,MATTE MEDIUM OLIVE / TERRAIN,CHINA ONLY,64.5,59.5,NKEV24037,,129,NK PERFORMANCE STATEMENT,Rectangle,,blue,matte,1,2024-01-01,46.0,19.0,20,75,35,67,39,67,46.0,19.0,20,75,35,67,39,67
271,Sun,6,144.10000000000002,NIKE - SEP 2024,PNS-2405B (Women's Golf),F,Half,Sun,54-18-140,GLOBAL,Nike,Plastic,NIKE,True,INJ-SILICONE,10,BLACK / GREY,CHINA ONLY,79.5,65.5,NKEV24038,,159,NK LIFESTYLE STATEMENT,Round,,black,shiny,1,2024-01-01,46.0,19.0,20,75,35,67,39,67,46.0,19.0,20,75,35,67,39,67
272,Sun,6,144.10000000000002,NIKE - SEP 2024,PNS-2405B (Women's Golf),F,Half,Sun,54-18-140,GLOBAL,Nike,Plastic,NIKE,True,INJ-SILICONE,12,BLACK / INFRARED MIRROR,CHINA ONLY,79.5,65.5,NKEV24038,,159,NK LIFESTYLE STATEMENT,Round,,black,shiny,1,2024-01-01,46.0,19.0,20,75,35,67,39,67,46.0,19.0,20,75,35,67,39,67
273,Sun,6,147.4,NIKE - SEP 2024,PNS-2405B (Women's Golf),F,Half,Sun,54-18-140,GLOBAL,Nike,Plastic,NIKE,True,INJ-SILICONE,101,SUMMIT WHITE / COURSE TINT,CHINA ONLY,84.5,67.0,NKEV24039,,169,NK LIFESTYLE STATEMENT,Round,,white,shiny,1,2024-01-01,46.0,19.0,20,75,35,67,39,67,46.0,19.0,20,75,35,67,39,67
274,Sun,6,156.20000000000002,NIKE - SEP 2024,PNS-2405B (Women's Golf),F,Half,Sun,54-18-140,GLOBAL,Nike,Plastic,NIKE,True,INJ-SILICONE,240,TORTOISE / POLAR LITE BROWN,CHINA ONLY,89.5,71.0,NKEV24040,,179,NK LIFESTYLE STATEMENT,Round,,tortoise,shiny,1,2024-01-01,46.0,19.0,20,75,35,67,39,67,46.0,19.0,20,75,35,67,39,67
275,Sun,6,130.9,NIKE - SEP 2024,PNS-2433C (MTZ OG - uni),U,Full,Sun,49-19-145,GLOBAL,Nike,Plastic,NIKE,True,REC ACETATE-RENEW,10,BLACK / GREY,CHINA ONLY,74.5,59.5,NKEV24046,MOVE TO ZERO,149,NK LIFESTYLE STATEMENT,Round,,black,shiny,1,2024-01-01,46.0,19.0,20,75,35,67,39,67,46.0,19.0,20,75,35,67,39,67
276,Sun,6,130.9,NIKE - SEP 2024,PNS-2433C (MTZ OG - uni),U,Full,Sun,49-19-145,GLOBAL,Nike,Plastic,NIKE,True,REC ACETATE-RENEW,243,TORTOISE / GREEN,CHINA ONLY,74.5,59.5,NKEV24046,MOVE TO ZERO,149,NK LIFESTYLE STATEMENT,Round,,tortoise,shiny,1,2024-01-01,46.0,19.0,20,75,35,67,39,67,46.0,19.0,20,75,35,67,39,67
277,Sun,6,130.9,NIKE - SEP 2024,PNS-2433C (MTZ OG - uni),U,Full,Sun,49-19-145,GLOBAL,Nike,Plastic,NIKE,True,REC ACETATE-RENEW,602,DARK PONY GRADIENT / GREEN,CHINA ONLY,74.5,59.5,NKEV24046,MOVE TO ZERO,149,NK LIFESTYLE STATEMENT,Round,,grey,shiny,1,2024-01-01,46.0,19.0,20,75,35,67,39,67,46.0,19.0,20,75,35,67,39,67
278,Sun,6,130.9,NIKE - SEP 2024,PNS-2433C (MTZ OG - uni),U,Full,Sun,49-19-145,GLOBAL,Nike,Plastic,NIKE,True,REC ACETATE-RENEW,725,AMBER GRADIENT / BLUE,CHINA ONLY,74.5,59.5,NKEV24046,MOVE TO ZERO,149,NK LIFESTYLE STATEMENT,Round,ad image,gold,shiny,1,2024-01-01,46.0,19.0,20,75,35,67,39,67,46.0,19.0,20,75,35,67,39,67
279,Sun,6,130.9,NIKE - SEP 2024,PNS-2433A (MTZ OG) - male,M,Full,Sun,55-19-145,GLOBAL,Nike,Plastic,NIKE,True,REC ACETATE-RENEW,10,BLACK / GREY,CHINA ONLY,74.5,59.5,NKEV24045,MOVE TO ZERO,149,NK LIFESTYLE STATEMENT,Rectangle,,black,shiny,1,2024-01-01,46.0,19.0,20,75,35,67,39,67,46.0,19.0,20,75,35,67,39,67
280,Sun,6,130.9,NIKE - SEP 2024,PNS-2433A (MTZ OG) - male,M,Full,Sun,55-19-145,GLOBAL,Nike,Plastic,NIKE,True,REC ACETATE-RENEW,242,TORTOISE / GREY,CHINA ONLY,74.5,59.5,NKEV24045,MOVE TO ZERO,149,NK LIFESTYLE STATEMENT,Rectangle,,tortoise,shiny,1,2024-01-01,46.0,19.0,20,75,35,67,39,67,46.0,19.0,20,75,35,67,39,67
281,Sun,6,130.9,NIKE - SEP 2024,PNS-2433A (MTZ OG) - male,M,Full,Sun,55-19-145,GLOBAL,Nike,Plastic,NIKE,True,REC ACETATE-RENEW,318,BICOASTAL / BLUE,CHINA ONLY,74.5,59.5,NKEV24045,MOVE TO ZERO,149,NK LIFESTYLE STATEMENT,Rectangle,ad image,other,shiny,1,2024-01-01,46.0,19.0,20,75,35,67,39,67,46.0,19.0,20,75,35,67,39,67
282,Sun,6,130.9,NIKE - SEP 2024,PNS-2433A (MTZ OG) - male,M,Full,Sun,55-19-145,GLOBAL,Nike,Plastic,NIKE,True,REC ACETATE-RENEW,900,ASHEN SLATE / SMOKE,CHINA ONLY,74.5,59.5,NKEV24045,MOVE TO ZERO,149,NK LIFESTYLE STATEMENT,Rectangle,,other,shiny,1,2024-01-01,46.0,19.0,20,75,35,67,39,67,46.0,19.0,20,75,35,67,39,67
283,Sun,6,130.9,NIKE - SEP 2024,PNS-2433F (MTZ OG) - Fem,F,Full,Sun,53-17-140,GLOBAL,Nike,Plastic,NIKE,True,REC ACETATE-RENEW,10,BLACK GRADIENT / GREY,CHINA ONLY,74.5,59.5,NKEV24047,MOVE TO ZERO,149,NK LIFESTYLE STATEMENT,Square,ad image,black,shiny,1,2024-01-01,46.0,19.0,20,75,35,67,39,67,46.0,19.0,20,75,35,67,39,67
284,Sun,6,130.9,NIKE - SEP 2024,PNS-2433F (MTZ OG) - Fem,F,Full,Sun,53-17-140,GLOBAL,Nike,Plastic,NIKE,True,REC ACETATE-RENEW,66,GREY GRADIENT / GREY,CHINA ONLY,74.5,59.5,NKEV24047,MOVE TO ZERO,149,NK LIFESTYLE STATEMENT,Square,ad image,grey,shiny,1,2024-01-01,46.0,19.0,20,75,35,67,39,67,46.0,19.0,20,75,35,67,39,67
285,Sun,6,130.9,NIKE - SEP 2024,PNS-2433F (MTZ OG) - Fem,F,Full,Sun,53-17-140,GLOBAL,Nike,Plastic,NIKE,True,REC ACETATE-RENEW,410,BLUE GRADIENT / BLUE,CHINA ONLY,74.5,59.5,NKEV24047,MOVE TO ZERO,149,NK LIFESTYLE STATEMENT,Square,,blue,shiny,1,2024-01-01,46.0,19.0,20,75,35,67,39,67,46.0,19.0,20,75,35,67,39,67
286,Sun,6,130.9,NIKE - SEP 2024,PNS-2433F (MTZ OG) - Fem,F,Full,Sun,53-17-140,GLOBAL,Nike,Plastic,NIKE,True,REC ACETATE-RENEW,601,DARK RUSSET GRADIENT / LILAC,CHINA ONLY,74.5,59.5,NKEV24047,MOVE TO ZERO,149,NK LIFESTYLE STATEMENT,Square,,grey,shiny,1,2024-01-01,46.0,19.0,20,75,35,67,39,67,46.0,19.0,20,75,35,67,39,67
287,Sun,6 SHIELD,210.10000000000002,NIKE - SEP 2024,PNS-2406C (Flyfree Shape Add),M,Half,Sun,72-05-130,GLOBAL,Nike,Plastic,NIKE,False,BIO INJ-G850,907,MAT LT SILVER / GREEN MIROR/ LOW LIGHT VOLT,CHINA ONLY,119.5,95.5,NKEV24033,,239,NK PERFORMANCE ELITE,Shield,,silver,shiny,1,2024-01-01,46.0,19.0,20,75,35,67,39,67,46.0,19.0,20,75,35,67,39,67
288,Sun,6 SHIELD,210.10000000000002,NIKE - SEP 2024,PNS-2406C (Flyfree Shape Add),M,Half,Sun,72-05-130,GLOBAL,Nike,Plastic,NIKE,False,BIO INJ-G850,10,MATTE BLACK/GREY/LOW LIGHT ORANGE,CHINA ONLY,119.5,95.5,NKEV24033,,239,NK PERFORMANCE ELITE,Shield,,black,matte,1,2024-01-01,46.0,19.0,20,75,35,67,39,67,46.0,19.0,20,75,35,67,39,67
289,Sun,6 SHIELD,210.10000000000002,NIKE - SEP 2024,PNS-2406C (Flyfree Shape Add),M,Half,Sun,72-05-130,GLOBAL,Nike,Plastic,NIKE,False,BIO INJ-G850,65,MAT SMOKE GREY/ROAD ORANGE MIR/ CLEAR,CHINA ONLY,119.5,95.5,NKEV24034,,239,NK PERFORMANCE ELITE,Shield,,grey,shiny,1,2024-01-01,46.0,19.0,20,75,35,67,39,67,46.0,19.0,20,75,35,67,39,67
290,Sun,6 SHIELD,210.10000000000002,NIKE - SEP 2024,PNS-2406C (Flyfree Shape Add),M,Half,Sun,72-05-130,GLOBAL,Nike,Plastic,NIKE,False,BIO INJ-G850,902,MAT CLEAR / FIELD TINT / ORANGE,CHINA ONLY,119.5,95.5,NKEV24034,,239,NK PERFORMANCE ELITE,Shield,,crystal,shiny,1,2024-01-01,46.0,19.0,20,75,35,67,39,67,46.0,19.0,20,75,35,67,39,67
291,Sun,6 SHIELD,226.60000000000002,NIKE - SEP 2024,PNS-2406C (Flyfree Shape Add),M,Half,Sun,72-05-130,GLOBAL,Nike,Plastic,NIKE,False,BIO INJ-G850,410,MATTE OBSIDIAN/POLAR BLUE MIRROR/ROAD TINT,CHINA ONLY,129.5,103.0,NKEV24035,,259,NK PERFORMANCE ELITE,Shield,,black,matte,1,2024-01-01,46.0,19.0,20,75,35,67,39,67,46.0,19.0,20,75,35,67,39,67
292,Sun,6,86.9,NIKE - SEP 2024,PNS-2434A (Livefree Shape Add),M,Full,Sun,56-15-140,GLOBAL,Nike,Plastic,NIKE,True,CO-INJECTION,10,BLACK / GREY,CHINA ONLY,49.5,39.5,NKEV24044,LIVE FREE SHAPE ADD,99,NK LIFESTYLE ESSENTIALS,Rectangle,,black,shiny,1,2024-01-01,46.0,19.0,20,75,35,67,39,67,46.0,19.0,20,75,35,67,39,67
293,Sun,6,86.9,NIKE - SEP 2024,PNS-2434A (Livefree Shape Add),M,Full,Sun,56-15-140,GLOBAL,Nike,Plastic,NIKE,True,CO-INJECTION,11,MATTE BLACK / CHROME MIRROR,CHINA ONLY,49.5,39.5,NKEV24044,LIVE FREE SHAPE ADD,99,NK LIFESTYLE ESSENTIALS,Rectangle,,black,matte,1,2024-01-01,46.0,19.0,20,75,35,67,39,67,46.0,19.0,20,75,35,67,39,67
294,Sun,6,86.9,NIKE - SEP 2024,PNS-2434A (Livefree Shape Add),M,Full,Sun,56-15-140,GLOBAL,Nike,Plastic,NIKE,True,CO-INJECTION,414,ARMORY NAVY / BLUE,CHINA ONLY,49.5,39.5,NKEV24044,LIVE FREE SHAPE ADD,99,NK LIFESTYLE ESSENTIALS,Rectangle,,grey,shiny,1,2024-01-01,46.0,19.0,20,75,35,67,39,67,46.0,19.0,20,75,35,67,39,67
295,Sun,6,86.9,NIKE - SEP 2024,PNS-2434A (Livefree Shape Add),M,Full,Sun,56-15-140,GLOBAL,Nike,Plastic,NIKE,True,CO-INJECTION,553,DARK RAISIN / PURPLE MIRROR,CHINA ONLY,49.5,39.5,NKEV24044,LIVE FREE SHAPE ADD,99,NK LIFESTYLE ESSENTIALS,Rectangle,,grey,shiny,1,2024-01-01,46.0,19.0,20,75,35,67,39,67,46.0,19.0,20,75,35,67,39,67
296,Sun,4,95.7,NIKE - SEP 2024,PNS-2462C (Street Esntl - Halo Inspired),M,Full,Sun,53-18-140,GLOBAL,Nike,Plastic,NIKE,True,REC INJ-TRITAN RENEW,10,MATTE BLACK / GREY,CHINA ONLY,54.5,43.5,NKEV24051,"RETAIL ONLY 
EMEA RATED 1/USO REATED 1 ",109,NK STREETWEAR ESSENTIALS,Rectangle,,black,matte,1,2024-01-01,46.0,19.0,20,75,35,67,39,67,46.0,19.0,20,75,35,67,39,67
297,Sun,4,95.7,NIKE - SEP 2024,PNS-2462C (Street Esntl - Halo Inspired),M,Full,Sun,53-18-140,GLOBAL,Nike,Plastic,NIKE,True,REC INJ-TRITAN RENEW,601,MAGENTA MIRROR,CHINA ONLY,54.5,43.5,NKEV24051,"RETAIL ONLY 
EMEA RATED 1/USO REATED 1 ",109,NK STREETWEAR ESSENTIALS,Rectangle,,pink,shiny,0,2024-01-01,46.0,19.0,20,75,35,67,39,67,46.0,19.0,20,75,35,67,39,67
298,Sun,4,95.7,NIKE - SEP 2024,PNS-2462C (Street Esntl - Halo Inspired),M,Full,Sun,53-18-140,GLOBAL,Nike,Plastic,NIKE,True,REC INJ-TRITAN RENEW,650,MATTE ASTER PINK / GREEN,CHINA ONLY,54.5,43.5,NKEV24051,"RETAIL ONLY 
EMEA RATED 1/USO REATED 1 ",109,NK STREETWEAR ESSENTIALS,Rectangle,,grey,matte,1,2024-01-01,46.0,19.0,20,75,35,67,39,67,46.0,19.0,20,75,35,67,39,67
299,Sun,4,95.7,NIKE - SEP 2024,PNS-2462C (Street Esntl - Halo Inspired),M,Full,Sun,53-18-140,GLOBAL,Nike,Plastic,NIKE,True,REC INJ-TRITAN RENEW,900,SILVER MIRROR,CHINA ONLY,54.5,43.5,NKEV24051,"RETAIL ONLY 
EMEA RATED 1/USO REATED 1 ",109,NK STREETWEAR ESSENTIALS,Rectangle,,silver,shiny,0,2024-01-01,46.0,19.0,20,75,35,67,39,67,46.0,19.0,20,75,35,67,39,67
300,Sun,6,95.7,NIKE - SEP 2024,PNS-2462A (Street Esntl - Halo Inspired),M,Full,Sun,56-19-135,GLOBAL,Nike,Plastic,NIKE,True,REC INJ-TRITAN RENEW,10,MATTE BLACK / GREY,CHINA ONLY,54.5,43.5,NKEV24050,"RETAIL ONLY 
EMEA RATED 1.5/USO REATED 1 ",109,NK STREETWEAR ESSENTIALS,Rectangle,,black,matte,1,2024-01-01,46.0,19.0,20,75,35,67,39,67,46.0,19.0,20,75,35,67,39,67
301,Sun,6,95.7,NIKE - SEP 2024,PNS-2462A (Street Esntl - Halo Inspired),M,Full,Sun,56-19-135,GLOBAL,Nike,Plastic,NIKE,True,REC INJ-TRITAN RENEW,703,MATTE CYBER / GREY,CHINA ONLY,54.5,43.5,NKEV24050,"RETAIL ONLY 
EMEA RATED 1.5/USO REATED 1 ",109,NK STREETWEAR ESSENTIALS,Rectangle,,yellow,matte,1,2024-01-01,46.0,19.0,20,75,35,67,39,67,46.0,19.0,20,75,35,67,39,67
302,Sun,6,95.7,NIKE - SEP 2024,PNS-2462A (Street Esntl - Halo Inspired),M,Full,Sun,56-19-135,GLOBAL,Nike,Plastic,NIKE,True,REC INJ-TRITAN RENEW,891,TOTAL ORANGE MIRROR,CHINA ONLY,54.5,43.5,NKEV24050,"RETAIL ONLY 
EMEA RATED 1.5/USO REATED 1 ",109,NK STREETWEAR ESSENTIALS,Rectangle,,orange,shiny,0,2024-01-01,46.0,19.0,20,75,35,67,39,67,46.0,19.0,20,75,35,67,39,67
303,Sun,6,95.7,NIKE - SEP 2024,PNS-2462A (Street Esntl - Halo Inspired),M,Full,Sun,56-19-135,GLOBAL,Nike,Plastic,NIKE,True,REC INJ-TRITAN RENEW,900,SILVER MIRROR,CHINA ONLY,54.5,43.5,NKEV24050,"RETAIL ONLY 
EMEA RATED 1.5/USO REATED 1 ",109,NK STREETWEAR ESSENTIALS,Rectangle,,silver,shiny,0,2024-01-01,46.0,19.0,20,75,35,67,39,67,46.0,19.0,20,75,35,67,39,67
304,Sun,6,144.10000000000002,NIKE - SEP 2024,PNS-2463B (Street Halo lens-in-lens),U,Full,Sun,63-13-135,GLOBAL,Nike,Plastic,NIKE,False,METAL,41,SILVER / BLUE / YELLOW,CHINA ONLY,84.5,65.5,NKEV24048,"RETAIL ONLY 
EMEA RATED 1.5/USO RATED 1  ",169,NK STREETWEAR STATEMENT,Rectangle,,silver,shiny,1,2024-01-01,46.0,19.0,20,75,35,67,39,67,46.0,19.0,20,75,35,67,39,67
305,Sun,6,144.10000000000002,NIKE - SEP 2024,PNS-2463B (Street Halo lens-in-lens),U,Full,Sun,63-13-135,GLOBAL,Nike,Plastic,NIKE,False,METAL,43,SILVER/GREEN  MIR/INFRARED MIR,CHINA ONLY,84.5,65.5,NKEV24048,"RETAIL ONLY 
EMEA RATED 1.5/USO RATED 1  ",169,NK STREETWEAR STATEMENT,Rectangle,,silver,shiny,1,2024-01-01,46.0,19.0,20,75,35,67,39,67,46.0,19.0,20,75,35,67,39,67
306,Sun,6,144.10000000000002,NIKE - SEP 2024,PNS-2463B (Street Halo lens-in-lens),U,Full,Sun,63-13-135,GLOBAL,Nike,Plastic,NIKE,False,METAL,44,SILVER / GREEN / PINK,CHINA ONLY,84.5,65.5,NKEV24048,"RETAIL ONLY 
EMEA RATED 1.5/USO RATED 1  ",169,NK STREETWEAR STATEMENT,Rectangle,,silver,shiny,1,2024-01-01,46.0,19.0,20,75,35,67,39,67,46.0,19.0,20,75,35,67,39,67
307,Sun,6,144.10000000000002,NIKE - SEP 2024,PNS-2463B (Street Halo lens-in-lens),U,Full,Sun,63-13-135,GLOBAL,Nike,Plastic,NIKE,False,METAL,708,GOLD / GREY / CLEAR,CHINA ONLY,84.5,65.5,NKEV24048,"RETAIL ONLY 
EMEA RATED 1.5/USO RATED 1  ",169,NK STREETWEAR STATEMENT,Rectangle,,gold,shiny,1,2024-01-01,46.0,19.0,20,75,35,67,39,67,46.0,19.0,20,75,35,67,39,67
308,Sun,6,144.10000000000002,NIKE - SEP 2024,PNS-2463C (Street Halo lens-in-lens),U,Full,Sun,57-14-135,GLOBAL,Nike,Plastic,NIKE,False,METAL,40,SILVER / GREY / LIGHT GREY,CHINA ONLY,84.5,65.5,NKEV24049,,169,NK STREETWEAR STATEMENT,Square,,silver,shiny,1,2024-01-01,46.0,19.0,20,75,35,67,39,67,46.0,19.0,20,75,35,67,39,67
309,Sun,6,144.10000000000002,NIKE - SEP 2024,PNS-2463C (Street Halo lens-in-lens),U,Full,Sun,57-14-135,GLOBAL,Nike,Plastic,NIKE,False,METAL,41,SILVER / BLUE / YELLOW,CHINA ONLY,84.5,65.5,NKEV24049,,169,NK STREETWEAR STATEMENT,Square,,silver,shiny,1,2024-01-01,46.0,19.0,20,75,35,67,39,67,46.0,19.0,20,75,35,67,39,67
310,Sun,6,144.10000000000002,NIKE - SEP 2024,PNS-2463C (Street Halo lens-in-lens),U,Full,Sun,57-14-135,GLOBAL,Nike,Plastic,NIKE,False,METAL,43,SILVER/GREEN  MIR/INFRARED MIR,CHINA ONLY,84.5,65.5,NKEV24049,,169,NK STREETWEAR STATEMENT,Square,,silver,shiny,1,2024-01-01,46.0,19.0,20,75,35,67,39,67,46.0,19.0,20,75,35,67,39,67
311,Sun,6,144.10000000000002,NIKE - SEP 2024,PNS-2463C (Street Halo lens-in-lens),U,Full,Sun,57-14-135,GLOBAL,Nike,Plastic,NIKE,False,METAL,708,GOLD / SILVER MIR / GOLD MIR,CHINA ONLY,84.5,65.5,NKEV24049,,169,NK STREETWEAR STATEMENT,Square,ad image,gold,shiny,1,2024-01-01,46.0,19.0,20,75,35,67,39,67,46.0,19.0,20,75,35,67,39,67
312,Sun,8,183.70000000000002,NIKE - SEP 2024,PNS-2407A (Halo Takedown),M,Half,Sun,76-05-125,GLOBAL,Nike,Plastic,NIKE,False,TITANIUM,410,BLUE / BLUE MIRROR,CHINA ONLY,120.0,83.5,NKEV24030,,240,NK PERFORMANCE ELITE,Rectangle,,blue,shiny,1,2024-01-01,46.0,19.0,20,75,35,67,39,67,46.0,19.0,20,75,35,67,39,67
313,Sun,8,183.70000000000002,NIKE - SEP 2024,PNS-2407A (Halo Takedown),M,Half,Sun,76-05-125,GLOBAL,Nike,Plastic,NIKE,False,TITANIUM,700,GOLD / GOLD MIRROR,CHINA ONLY,120.0,83.5,NKEV24030,,240,NK PERFORMANCE ELITE,Rectangle,,gold,shiny,1,2024-01-01,46.0,19.0,20,75,35,67,39,67,46.0,19.0,20,75,35,67,39,67
314,Sun,8,209.00000000000003,NIKE - SEP 2024,PNS-2407A (Halo Takedown),M,Half,Sun,76-05-125,GLOBAL,Nike,Plastic,NIKE,False,TITANIUM,891,TOTAL ORANGE / ROAD TINT ORANGE MIRROR,CHINA ONLY,125.0,95.0,NKEV24031,,250,NK PERFORMANCE ELITE,Rectangle,,orange,shiny,1,2024-01-01,46.0,19.0,20,75,35,67,39,67,46.0,19.0,20,75,35,67,39,67
315,Sun,8,218.9,NIKE - SEP 2024,PNS-2407A (Halo Takedown),M,Half,Sun,76-05-125,GLOBAL,Nike,Plastic,NIKE,False,TITANIUM,10,MATTE BLACK / POLAR GREY,CHINA ONLY,130.0,99.5,NKEV24032,,260,NK PERFORMANCE ELITE,Rectangle,,black,matte,1,2024-01-01,46.0,19.0,20,75,35,67,39,67,46.0,19.0,20,75,35,67,39,67
