,_SHEET_TYPE,BASECURVE,EURORETAILPRICE,RELEASEDATE,PROTOTYPECODE,GENDER,FRAMECONSTRUCTION,SUNOPTICAL,SIZES,FIT,_BRAND,MATERIALCODE1,BRAND,RXABLE,MATERIALCODE2,COLORCODE,COLORDESCRIPTION,MADEIN,USWHOLESALEPRICE,EUROWHOLESALEPRICE,MATERIALNUMBER,RECOMMENDEDREASONS,USRETAILPRICE,FAMILY,FRAMESHAPE,NOTES,Color_Base,Color_Finish,Is_Multicolor
0,Sun,2,"190,00",CALVIN KLEIN - SEP 2024,E11397D1,F,FULL RIM,Sun,53-17-145,GLOBAL,Calvin Klein,METAL,CALVIN KLEIN,True,METAL,1,BLACK,CHINA ONLY,"104,50","86,00",CK24110S,ADV,"209,00",AVANTGARDE,BUTTERFLY,,black,shiny,0
1,Sun,2,"190,00",CALVIN KLEIN - SEP 2024,E11397D1,F,FULL RIM,Sun,53-17-145,GLOBAL,Calvin Klein,METAL,CALVIN KLEIN,True,METAL,14,LIGHT GUNMETAL,CHINA ONLY,"104,50","86,00",CK24110S,Potential ADV,"209,00",AVANTGARDE,BUTTERFLY,,grey,shiny,0
2,Sun,2,"190,00",CALVIN KLEIN - SEP 2024,E11397D1,F,FULL RIM,Sun,53-17-145,GLOBAL,Calvin Klein,METAL,CALVIN KLEIN,True,METAL,200,BROWN,CHINA ONLY,"104,50","86,00",CK24110S,Potential ADV,"209,00",AVANTGARDE,BUTTERFLY,,brown,shiny,0
3,Sun,2,"190,00",CALVIN KLEIN - SEP 2024,E11397D1,F,FULL RIM,Sun,53-17-145,GLOBAL,Calvin Klein,METAL,CALVIN KLEIN,True,METAL,716,LIGHT GOLD,CHINA ONLY,"104,50","86,00",CK24110S,Potential ADV,"209,00",AVANTGARDE,BUTTERFLY,,green,shiny,0
4,Sun,2,"190,00",CALVIN KLEIN - SEP 2024,E11397A1,U,FULL RIM,Sun,55-18-145,GLOBAL,Calvin Klein,METAL,CALVIN KLEIN,True,METAL,2,MATTE BLACK,CHINA ONLY,"104,50","86,00",CK24111S,,"209,00",AVANTGARDE,MODIFIED RECTANGLE,,black,matte,0
5,Sun,2,"190,00",CALVIN KLEIN - SEP 2024,E11397A1,U,FULL RIM,Sun,55-18-145,GLOBAL,Calvin Klein,METAL,CALVIN KLEIN,True,METAL,70,amber gold,CHINA ONLY,"104,50","86,00",CK24111S,,"209,00",AVANTGARDE,MODIFIED RECTANGLE,,gold,shiny,0
6,Sun,2,"190,00",CALVIN KLEIN - SEP 2024,E11397A1,U,FULL RIM,Sun,55-18-145,GLOBAL,Calvin Klein,METAL,CALVIN KLEIN,True,METAL,716,LIGHT GOLD,CHINA ONLY,"104,50","86,00",CK24111S,,"209,00",AVANTGARDE,MODIFIED RECTANGLE,,green,shiny,0
7,Sun,2,"190,00",CALVIN KLEIN - SEP 2024,E11397A1,U,FULL RIM,Sun,55-18-145,GLOBAL,Calvin Klein,METAL,CALVIN KLEIN,True,METAL,771,AMBER GOLD,CHINA ONLY,"104,50","86,00",CK24111S,,"209,00",AVANTGARDE,MODIFIED RECTANGLE,,gold,shiny,0
8,Sun,2,"205,00",CALVIN KLEIN - SEP 2024,E11424C1,F,FULL RIM,Sun,53-20-145,GLOBAL,Calvin Klein,ACETATE,CALVIN KLEIN,False,ACETATE,1,BLACK,CHINA ONLY,"112,50","92,50",CK24531S,Potential ADV,"225,00",AVANTGARDE,BUTTERFLY,,black,shiny,0
9,Sun,2,"205,00",CALVIN KLEIN - SEP 2024,E11424C1,F,FULL RIM,Sun,53-20-145,GLOBAL,Calvin Klein,ACETATE,CALVIN KLEIN,False,ACETATE,240,HAVANA,CHINA ONLY,"112,50","92,50",CK24531S,Potential ADV,"225,00",AVANTGARDE,BUTTERFLY,,tortoise,shiny,0
10,Sun,2,"205,00",CALVIN KLEIN - SEP 2024,E11424C1,F,FULL RIM,Sun,53-20-145,GLOBAL,Calvin Klein,ACETATE,CALVIN KLEIN,False,ACETATE,412,LIGHT AZURE,CHINA ONLY,"112,50","92,50",CK24531S,Potential ADV,"225,00",AVANTGARDE,BUTTERFLY,,blue,shiny,0
11,Sun,2,"205,00",CALVIN KLEIN - SEP 2024,E11424C1,F,FULL RIM,Sun,53-20-145,GLOBAL,Calvin Klein,ACETATE,CALVIN KLEIN,False,ACETATE,601,ROSE,CHINA ONLY,"112,50","92,50",CK24531S,Potential ADV,"225,00",AVANTGARDE,BUTTERFLY,,pink,shiny,0
12,Sun,2,"205,00",CALVIN KLEIN - SEP 2024,E11424B1,M,FULL RIM,Sun,54-20-145,GLOBAL,Calvin Klein,ACETATE,CALVIN KLEIN,False,ACETATE,1,BLACK,CHINA ONLY,"112,50","92,50",CK24532S,Potential ADV,"225,00",AVANTGARDE,MODIFIED RECTANGLE,,black,shiny,0
13,Sun,2,"205,00",CALVIN KLEIN - SEP 2024,E11424B1,M,FULL RIM,Sun,54-20-145,GLOBAL,Calvin Klein,ACETATE,CALVIN KLEIN,False,ACETATE,235,DARK HAVANA,CHINA ONLY,"112,50","92,50",CK24532S,ADV,"225,00",AVANTGARDE,MODIFIED RECTANGLE,,tortoise,shiny,0
14,Sun,2,"205,00",CALVIN KLEIN - SEP 2024,E11424B1,M,FULL RIM,Sun,54-20-145,GLOBAL,Calvin Klein,ACETATE,CALVIN KLEIN,False,ACETATE,261,CARAMEL,CHINA ONLY,"112,50","92,50",CK24532S,Potential ADV,"225,00",AVANTGARDE,MODIFIED RECTANGLE,,other,shiny,0
15,Sun,2,"205,00",CALVIN KLEIN - SEP 2024,E11424B1,M,FULL RIM,Sun,54-20-145,GLOBAL,Calvin Klein,ACETATE,CALVIN KLEIN,False,ACETATE,330,KHAKI,CHINA ONLY,"112,50","92,50",CK24532S,Potential ADV,"225,00",AVANTGARDE,MODIFIED RECTANGLE,,beige,shiny,0
16,Sun,2,"205,00",CALVIN KLEIN - SEP 2024,E8635C1,F,FULL RIM,Sun,51-20-145,GLOBAL,Calvin Klein,ACETATE,CALVIN KLEIN,False,ACETATE,1,BLACK,CHINA ONLY,"112,50","92,50",CK24533S,,"225,00",AVANTGARDE,MODIFIED RECTANGLE,,black,shiny,0
17,Sun,2,"205,00",CALVIN KLEIN - SEP 2024,E8635C1,F,FULL RIM,Sun,51-20-145,GLOBAL,Calvin Klein,ACETATE,CALVIN KLEIN,False,ACETATE,2,BLACK/CHARCOAL,CHINA ONLY,"112,50","92,50",CK24533S,,"225,00",AVANTGARDE,MODIFIED RECTANGLE,,black,shiny,1
18,Sun,2,"205,00",CALVIN KLEIN - SEP 2024,E8635C1,F,FULL RIM,Sun,51-20-145,GLOBAL,Calvin Klein,ACETATE,CALVIN KLEIN,False,ACETATE,240,HAVANA,CHINA ONLY,"112,50","92,50",CK24533S,,"225,00",AVANTGARDE,MODIFIED RECTANGLE,,tortoise,shiny,0
19,Sun,2,"205,00",CALVIN KLEIN - SEP 2024,E8635C1,F,FULL RIM,Sun,51-20-145,GLOBAL,Calvin Klein,ACETATE,CALVIN KLEIN,False,ACETATE,272,NUDE,CHINA ONLY,"112,50","92,50",CK24533S,,"225,00",AVANTGARDE,MODIFIED RECTANGLE,,beige,shiny,0
20,Sun,2,"205,00",CALVIN KLEIN - SEP 2024,E8635D1,U,FULL RIM,Sun,54-19-145,GLOBAL,Calvin Klein,ACETATE,CALVIN KLEIN,False,ACETATE,1,BLACK,CHINA ONLY,"112,50","92,50",CK24534S,Potential ADV,"225,00",AVANTGARDE,CAT EYE,,black,shiny,0
21,Sun,2,"205,00",CALVIN KLEIN - SEP 2024,E8635D1,U,FULL RIM,Sun,54-19-145,GLOBAL,Calvin Klein,ACETATE,CALVIN KLEIN,False,ACETATE,235,DARK HAVANA,CHINA ONLY,"112,50","92,50",CK24534S,Potential ADV,"225,00",AVANTGARDE,CAT EYE,,tortoise,shiny,0
22,Sun,2,"205,00",CALVIN KLEIN - SEP 2024,E8635D1,U,FULL RIM,Sun,54-19-145,GLOBAL,Calvin Klein,ACETATE,CALVIN KLEIN,False,ACETATE,278,LIGHT BROWN,CHINA ONLY,"112,50","92,50",CK24534S,Potential ADV,"225,00",AVANTGARDE,CAT EYE,,brown,shiny,0
23,Sun,2,"205,00",CALVIN KLEIN - SEP 2024,E8635D1,U,FULL RIM,Sun,54-19-145,GLOBAL,Calvin Klein,ACETATE,CALVIN KLEIN,False,ACETATE,970,CRYSTAL,CHINA ONLY,"112,50","92,50",CK24534S,Potential ADV,"225,00",AVANTGARDE,CAT EYE,,crystal,shiny,0
24,Sun,4,"190,00",CALVIN KLEIN - SEP 2024,E8639G1,F,FULL RIM,Sun,55-17-145,GLOBAL,Calvin Klein,ACETATE,CALVIN KLEIN,True,ACETATE,2,BLACK/CHARCOAL,CHINA ONLY,"104,50","86,00",CK24535S,,"209,00",AVANTGARDE,BUTTERFLY,,black,shiny,1
25,Sun,4,"190,00",CALVIN KLEIN - SEP 2024,E8639G1,F,FULL RIM,Sun,55-17-145,GLOBAL,Calvin Klein,ACETATE,CALVIN KLEIN,True,ACETATE,226,BROWN/LIGHT BROWN,CHINA ONLY,"104,50","86,00",CK24535S,,"209,00",AVANTGARDE,BUTTERFLY,,brown,shiny,1
26,Sun,4,"190,00",CALVIN KLEIN - SEP 2024,E8639G1,F,FULL RIM,Sun,55-17-145,GLOBAL,Calvin Klein,ACETATE,CALVIN KLEIN,True,ACETATE,240,HAVANA,CHINA ONLY,"104,50","86,00",CK24535S,,"209,00",AVANTGARDE,BUTTERFLY,,tortoise,shiny,0
27,Sun,4,"190,00",CALVIN KLEIN - SEP 2024,E8639G1,F,FULL RIM,Sun,55-17-145,GLOBAL,Calvin Klein,ACETATE,CALVIN KLEIN,True,ACETATE,272,NUDE,CHINA ONLY,"104,50","86,00",CK24535S,,"209,00",AVANTGARDE,BUTTERFLY,,beige,shiny,0
28,Sun,2,"190,00",CALVIN KLEIN - SEP 2024,E8639F1,M,FULL RIM,Sun,53-19-145,GLOBAL,Calvin Klein,ACETATE,CALVIN KLEIN,True,ACETATE,5,BLACK/AVIO,CHINA ONLY,"104,50","86,00",CK24536S,,"209,00",AVANTGARDE,MODIFIED RECTANGLE,,black,shiny,1
29,Sun,2,"190,00",CALVIN KLEIN - SEP 2024,E8639F1,M,FULL RIM,Sun,53-19-145,GLOBAL,Calvin Klein,ACETATE,CALVIN KLEIN,True,ACETATE,235,DARK HAVANA,CHINA ONLY,"104,50","86,00",CK24536S,,"209,00",AVANTGARDE,MODIFIED RECTANGLE,,tortoise,shiny,0
30,Sun,2,"190,00",CALVIN KLEIN - SEP 2024,E8639F1,M,FULL RIM,Sun,53-19-145,GLOBAL,Calvin Klein,ACETATE,CALVIN KLEIN,True,ACETATE,280,LIGHT BROWN/CRYSTAL,CHINA ONLY,"104,50","86,00",CK24536S,,"209,00",AVANTGARDE,MODIFIED RECTANGLE,,brown,shiny,1
31,Sun,2,"190,00",CALVIN KLEIN - SEP 2024,E8639F1,M,FULL RIM,Sun,53-19-145,GLOBAL,Calvin Klein,ACETATE,CALVIN KLEIN,True,ACETATE,434,PETROL/SMOKE,CHINA ONLY,"104,50","86,00",CK24536S,,"209,00",AVANTGARDE,MODIFIED RECTANGLE,,blue,shiny,1
32,Sun,4,"180,00",CALVIN KLEIN - SEP 2024,E8640H1,F,FULL RIM,Sun,55-15-145,GLOBAL,Calvin Klein,ACETATE,CALVIN KLEIN,True,ACETATE,1,BLACK,CHINA ONLY,"99,50","82,00",CK24537S,,"199,00",CLASSIC,MODIFIED RECTANGLE,,black,shiny,0
33,Sun,4,"180,00",CALVIN KLEIN - SEP 2024,E8640H1,F,FULL RIM,Sun,55-15-145,GLOBAL,Calvin Klein,ACETATE,CALVIN KLEIN,True,ACETATE,219,MILKY BROWN HAVANA,CHINA ONLY,"99,50","82,00",CK24537S,,"199,00",CLASSIC,MODIFIED RECTANGLE,,tortoise,shiny,0
34,Sun,4,"180,00",CALVIN KLEIN - SEP 2024,E8640H1,F,FULL RIM,Sun,55-15-145,GLOBAL,Calvin Klein,ACETATE,CALVIN KLEIN,True,ACETATE,233,HAVANA/BLACK,CHINA ONLY,"99,50","82,00",CK24537S,,"199,00",CLASSIC,MODIFIED RECTANGLE,,tortoise,shiny,1
35,Sun,4,"180,00",CALVIN KLEIN - SEP 2024,E8640H1,F,FULL RIM,Sun,55-15-145,GLOBAL,Calvin Klein,ACETATE,CALVIN KLEIN,True,ACETATE,461,BLUE HAVANA/HAVANA,CHINA ONLY,"99,50","82,00",CK24537S,,"199,00",CLASSIC,MODIFIED RECTANGLE,,tortoise,shiny,1
36,Sun,4,"180,00",CALVIN KLEIN - SEP 2024,E8640G1,U,FULL RIM,Sun,51-20-145,GLOBAL,Calvin Klein,ACETATE,CALVIN KLEIN,True,ACETATE,1,BLACK,CHINA ONLY,"99,50","82,00",CK24538S,,"199,00",CLASSIC,P-3,,black,shiny,0
37,Sun,4,"180,00",CALVIN KLEIN - SEP 2024,E8640G1,U,FULL RIM,Sun,51-20-145,GLOBAL,Calvin Klein,ACETATE,CALVIN KLEIN,True,ACETATE,233,HAVANA/BLACK,CHINA ONLY,"99,50","82,00",CK24538S,,"199,00",CLASSIC,P-3,,tortoise,shiny,1
38,Sun,4,"180,00",CALVIN KLEIN - SEP 2024,E8640G1,U,FULL RIM,Sun,51-20-145,GLOBAL,Calvin Klein,ACETATE,CALVIN KLEIN,True,ACETATE,235,DARK HAVANA,CHINA ONLY,"99,50","82,00",CK24538S,,"199,00",CLASSIC,P-3,,tortoise,shiny,0
39,Sun,4,"180,00",CALVIN KLEIN - SEP 2024,E8640G1,U,FULL RIM,Sun,51-20-145,GLOBAL,Calvin Klein,ACETATE,CALVIN KLEIN,True,ACETATE,255,HONEY HAVANA/HONEY,CHINA ONLY,"99,50","82,00",CK24538S,,"199,00",CLASSIC,P-3,,tortoise,shiny,1
40,Sun,4,"150,00",CALVIN KLEIN - SEP 2024,E11400A1,U,FULL RIM,Sun,53-18-145,GLOBAL,Calvin Klein,BIO INJ-G820,CALVIN KLEIN,True,BIO INJ-G820,1,BLACK,VIETNAM ONLY,"82,50","68,00",CK24539S,Sustainable style,"165,00",MODERN,OVAL,,black,shiny,0
41,Sun,4,"150,00",CALVIN KLEIN - SEP 2024,E11400A1,U,FULL RIM,Sun,53-18-145,GLOBAL,Calvin Klein,BIO INJ-G820,CALVIN KLEIN,True,BIO INJ-G820,235,DARK HAVANA,VIETNAM ONLY,"82,50","68,00",CK24539S,Sustainable style,"165,00",MODERN,OVAL,,tortoise,shiny,0
42,Sun,4,"150,00",CALVIN KLEIN - SEP 2024,E11400A1,U,FULL RIM,Sun,53-18-145,GLOBAL,Calvin Klein,BIO INJ-G820,CALVIN KLEIN,True,BIO INJ-G820,261,CARAMEL,VIETNAM ONLY,"82,50","68,00",CK24539S,Sustainable style,"165,00",MODERN,OVAL,,other,shiny,0
43,Sun,4,"150,00",CALVIN KLEIN - SEP 2024,E11400A1,U,FULL RIM,Sun,53-18-145,GLOBAL,Calvin Klein,BIO INJ-G820,CALVIN KLEIN,True,BIO INJ-G820,413,AZURE,VIETNAM ONLY,"82,50","68,00",CK24539S,Sustainable style,"165,00",MODERN,OVAL,,blue,shiny,0
44,Optical,4,"195,00",CALVIN KLEIN - SEP 2024,E8963D1,F,FULL RIM,Optical,55-17-140,UNIVERSAL,Calvin Klein,METAL,CALVIN KLEIN,True,METAL,41,SILVER/BLACK,CHINA ONLY,"93,00","71,50",CK24112,,"250,00",AVANTGARDE,SQUARE,,silver,shiny,1
45,Optical,4,"195,00",CALVIN KLEIN - SEP 2024,E8963D1,F,FULL RIM,Optical,55-17-140,UNIVERSAL,Calvin Klein,METAL,CALVIN KLEIN,True,METAL,719,GOLD/IVORY,CHINA ONLY,"93,00","71,50",CK24112,,"250,00",AVANTGARDE,SQUARE,,gold,shiny,1
46,Optical,4,"195,00",CALVIN KLEIN - SEP 2024,E8963D1,F,FULL RIM,Optical,55-17-140,UNIVERSAL,Calvin Klein,METAL,CALVIN KLEIN,True,METAL,772,ROSE GOLD/LAVANDER,CHINA ONLY,"93,00","71,50",CK24112,,"250,00",AVANTGARDE,SQUARE,,gold,shiny,1
47,Optical,4,"195,00",CALVIN KLEIN - SEP 2024,E8963D1,F,FULL RIM,Optical,55-17-140,UNIVERSAL,Calvin Klein,METAL,CALVIN KLEIN,True,METAL,783,AMBER GOLD/NUDE,CHINA ONLY,"93,00","71,50",CK24112,,"250,00",AVANTGARDE,SQUARE,,gold,shiny,1
48,Optical,4,"190,00",CALVIN KLEIN - SEP 2024,E8965A2,M,FULL RIM,Optical,50-19-145,UNIVERSAL,Calvin Klein,METAL,CALVIN KLEIN,True,METAL,25,GREY HAVANA,CHINA ONLY,"92,50","71,00",CK24113,Potential ADV,"250,00",CLASSIC,MODIFIED RECTANGLE,,tortoise,shiny,0
49,Optical,4,"190,00",CALVIN KLEIN - SEP 2024,E8965A2,M,FULL RIM,Optical,50-19-145,UNIVERSAL,Calvin Klein,METAL,CALVIN KLEIN,True,METAL,235,DARK HAVANA,CHINA ONLY,"92,50","71,00",CK24113,Potential ADV,"250,00",CLASSIC,MODIFIED RECTANGLE,,tortoise,shiny,0
50,Optical,4,"190,00",CALVIN KLEIN - SEP 2024,E8965A2,M,FULL RIM,Optical,50-19-145,UNIVERSAL,Calvin Klein,METAL,CALVIN KLEIN,True,METAL,240,HAVANA,CHINA ONLY,"92,50","71,00",CK24113,Potential ADV,"250,00",CLASSIC,MODIFIED RECTANGLE,,tortoise,shiny,0
51,Optical,4,"190,00",CALVIN KLEIN - SEP 2024,E8965A2,M,FULL RIM,Optical,50-19-145,UNIVERSAL,Calvin Klein,METAL,CALVIN KLEIN,True,METAL,265,BLONDE HAVANA,CHINA ONLY,"92,50","71,00",CK24113,Potential ADV,"250,00",CLASSIC,MODIFIED RECTANGLE,,tortoise,shiny,0
52,Optical,4,"190,00",CALVIN KLEIN - SEP 2024,E8965C1,U,FULL RIM,Optical,49-19-145,UNIVERSAL,Calvin Klein,METAL,CALVIN KLEIN,False,METAL,25,GREY HAVANA,CHINA ONLY,"92,50","71,00",CK24114,ADV; Brand DNA,"250,00",CLASSIC,ROUND,,tortoise,shiny,0
53,Optical,4,"190,00",CALVIN KLEIN - SEP 2024,E8965C1,U,FULL RIM,Optical,49-19-145,UNIVERSAL,Calvin Klein,METAL,CALVIN KLEIN,False,METAL,235,DARK HAVANA,CHINA ONLY,"92,50","71,00",CK24114,Potential ADV; Brand DNA,"250,00",CLASSIC,ROUND,,tortoise,shiny,0
54,Optical,4,"190,00",CALVIN KLEIN - SEP 2024,E8965C1,U,FULL RIM,Optical,49-19-145,UNIVERSAL,Calvin Klein,METAL,CALVIN KLEIN,False,METAL,265,BLONDE HAVANA,CHINA ONLY,"92,50","71,00",CK24114,Potential ADV; Brand DNA,"250,00",CLASSIC,ROUND,,tortoise,shiny,0
55,Optical,4,"190,00",CALVIN KLEIN - SEP 2024,E11427A1,U,FULL RIM,Optical,49-19-145,UNIVERSAL,Calvin Klein,METAL,CALVIN KLEIN,True,METAL,45,SILVER,CHINA ONLY,"92,50","71,00",CK24115,,"250,00",CLASSIC,OVAL,,silver,shiny,0
56,Optical,4,"190,00",CALVIN KLEIN - SEP 2024,E11427A1,U,FULL RIM,Optical,49-19-145,UNIVERSAL,Calvin Klein,METAL,CALVIN KLEIN,True,METAL,717,GOLD,CHINA ONLY,"92,50","71,00",CK24115,,"250,00",CLASSIC,OVAL,,gold,shiny,0
57,Optical,4,"190,00",CALVIN KLEIN - SEP 2024,E11427A1,U,FULL RIM,Optical,49-19-145,UNIVERSAL,Calvin Klein,METAL,CALVIN KLEIN,True,METAL,770,ROSE GOLD,CHINA ONLY,"92,50","71,00",CK24115,,"250,00",CLASSIC,OVAL,,gold,shiny,0
58,Optical,4,"190,00",CALVIN KLEIN - SEP 2024,E8223H1,M,FULL RIM,Optical,51-20-145,GLOBAL,Calvin Klein,ACETATE,CALVIN KLEIN,True,ACETATE,1,BLACK,CHINA ONLY,"92,50","71,00",CK24540,,"250,00",AVANTGARDE,MODIFIED RECTANGLE,,black,shiny,0
59,Optical,4,"190,00",CALVIN KLEIN - SEP 2024,E8223H1,M,FULL RIM,Optical,51-20-145,GLOBAL,Calvin Klein,ACETATE,CALVIN KLEIN,True,ACETATE,235,DARK HAVANA,CHINA ONLY,"92,50","71,00",CK24540,,"250,00",AVANTGARDE,MODIFIED RECTANGLE,,tortoise,shiny,0
60,Optical,4,"190,00",CALVIN KLEIN - SEP 2024,E8223H1,M,FULL RIM,Optical,51-20-145,GLOBAL,Calvin Klein,ACETATE,CALVIN KLEIN,True,ACETATE,254,HONEY,CHINA ONLY,"92,50","71,00",CK24540,,"250,00",AVANTGARDE,MODIFIED RECTANGLE,,other,shiny,0
61,Optical,4,"190,00",CALVIN KLEIN - SEP 2024,E8223H1,M,FULL RIM,Optical,51-20-145,GLOBAL,Calvin Klein,ACETATE,CALVIN KLEIN,True,ACETATE,438,BLUE,CHINA ONLY,"92,50","71,00",CK24540,,"250,00",AVANTGARDE,MODIFIED RECTANGLE,,blue,shiny,0
62,Optical,4,"190,00",CALVIN KLEIN - SEP 2024,E8644E1,F,FULL RIM,Optical,53-16-140,UNIVERSAL,Calvin Klein,ACETATE,CALVIN KLEIN,True,ACETATE,1,BLACK,CHINA ONLY,"90,50","69,50",CK24541,Potential ADV,"245,00",AVANTGARDE,MODIFIED RECTANGLE,,black,shiny,0
63,Optical,4,"190,00",CALVIN KLEIN - SEP 2024,E8644E1,F,FULL RIM,Optical,53-16-140,UNIVERSAL,Calvin Klein,ACETATE,CALVIN KLEIN,True,ACETATE,240,HAVANA,CHINA ONLY,"90,50","69,50",CK24541,ADV,"245,00",AVANTGARDE,MODIFIED RECTANGLE,,tortoise,shiny,0
64,Optical,4,"190,00",CALVIN KLEIN - SEP 2024,E8644E1,F,FULL RIM,Optical,53-16-140,UNIVERSAL,Calvin Klein,ACETATE,CALVIN KLEIN,True,ACETATE,504,PURPLE/LILAC,CHINA ONLY,"90,50","69,50",CK24541,Potential ADV,"245,00",AVANTGARDE,MODIFIED RECTANGLE,,purple,shiny,1
65,Optical,4,"190,00",CALVIN KLEIN - SEP 2024,E8644E1,F,FULL RIM,Optical,53-16-140,UNIVERSAL,Calvin Klein,ACETATE,CALVIN KLEIN,True,ACETATE,616,WINE/ROSE,CHINA ONLY,"90,50","69,50",CK24541,Potential ADV,"245,00",AVANTGARDE,MODIFIED RECTANGLE,,other,shiny,1
66,Optical,4,"190,00",CALVIN KLEIN - SEP 2024,E8644B1,M,FULL RIM,Optical,54-19-145,UNIVERSAL,Calvin Klein,ACETATE,CALVIN KLEIN,True,ACETATE,1,BLACK,CHINA ONLY,"90,50","69,50",CK24542,Potential ADV,"245,00",AVANTGARDE,MODIFIED RECTANGLE,,black,shiny,0
67,Optical,4,"190,00",CALVIN KLEIN - SEP 2024,E8644B1,M,FULL RIM,Optical,54-19-145,UNIVERSAL,Calvin Klein,ACETATE,CALVIN KLEIN,True,ACETATE,235,DARK HAVANA,CHINA ONLY,"90,50","69,50",CK24542,Potential ADV,"245,00",AVANTGARDE,MODIFIED RECTANGLE,,tortoise,shiny,0
68,Optical,4,"190,00",CALVIN KLEIN - SEP 2024,E8644B1,M,FULL RIM,Optical,54-19-145,UNIVERSAL,Calvin Klein,ACETATE,CALVIN KLEIN,True,ACETATE,280,LIGHT BROWN/CRYSTAL,CHINA ONLY,"90,50","69,50",CK24542,Potential ADV,"245,00",AVANTGARDE,MODIFIED RECTANGLE,,brown,shiny,1
69,Optical,4,"190,00",CALVIN KLEIN - SEP 2024,E8644B1,M,FULL RIM,Optical,54-19-145,UNIVERSAL,Calvin Klein,ACETATE,CALVIN KLEIN,True,ACETATE,434,PETROL/SMOKE,CHINA ONLY,"90,50","69,50",CK24542,Potential ADV,"245,00",AVANTGARDE,MODIFIED RECTANGLE,,blue,shiny,1
70,Optical,4,"185,00",CALVIN KLEIN - SEP 2024,E8646G1,F,FULL RIM,Optical,52-18-145,GLOBAL,Calvin Klein,ACETATE,CALVIN KLEIN,True,ACETATE,1,BLACK,CHINA ONLY,"88,50","68,00",CK24543,,"240,00",CLASSIC,ROUND,,black,shiny,0
71,Optical,4,"185,00",CALVIN KLEIN - SEP 2024,E8646G1,F,FULL RIM,Optical,52-18-145,GLOBAL,Calvin Klein,ACETATE,CALVIN KLEIN,True,ACETATE,240,HAVANA,CHINA ONLY,"88,50","68,00",CK24543,,"240,00",CLASSIC,ROUND,,tortoise,shiny,0
72,Optical,4,"185,00",CALVIN KLEIN - SEP 2024,E8646G1,F,FULL RIM,Optical,52-18-145,GLOBAL,Calvin Klein,ACETATE,CALVIN KLEIN,True,ACETATE,278,LIGHT BROWN,CHINA ONLY,"88,50","68,00",CK24543,,"240,00",CLASSIC,ROUND,,brown,shiny,0
73,Optical,4,"185,00",CALVIN KLEIN - SEP 2024,E8646G1,F,FULL RIM,Optical,52-18-145,GLOBAL,Calvin Klein,ACETATE,CALVIN KLEIN,True,ACETATE,515,VIOLET,CHINA ONLY,"88,50","68,00",CK24543,,"240,00",CLASSIC,ROUND,,purple,shiny,0
74,Optical,4,"185,00",CALVIN KLEIN - SEP 2024,E8646D1,F,FULL RIM,Optical,55-14-145,UNIVERSAL,Calvin Klein,ACETATE,CALVIN KLEIN,True,ACETATE,1,BLACK,CHINA ONLY,"88,50","68,00",CK24544,,"240,00",CLASSIC,MODIFIED RECTANGLE,,black,shiny,0
75,Optical,4,"185,00",CALVIN KLEIN - SEP 2024,E8646D1,F,FULL RIM,Optical,55-14-145,UNIVERSAL,Calvin Klein,ACETATE,CALVIN KLEIN,True,ACETATE,240,HAVANA,CHINA ONLY,"88,50","68,00",CK24544,,"240,00",CLASSIC,MODIFIED RECTANGLE,,tortoise,shiny,0
76,Optical,4,"185,00",CALVIN KLEIN - SEP 2024,E8646D1,F,FULL RIM,Optical,55-14-145,UNIVERSAL,Calvin Klein,ACETATE,CALVIN KLEIN,True,ACETATE,445,LIGHT BLUE,CHINA ONLY,"88,50","68,00",CK24544,,"240,00",CLASSIC,MODIFIED RECTANGLE,,blue,shiny,0
77,Optical,4,"185,00",CALVIN KLEIN - SEP 2024,E8646D1,F,FULL RIM,Optical,55-14-145,UNIVERSAL,Calvin Klein,ACETATE,CALVIN KLEIN,True,ACETATE,601,ROSE,CHINA ONLY,"88,50","68,00",CK24544,,"240,00",CLASSIC,MODIFIED RECTANGLE,,pink,shiny,0
78,Optical,4,"150,00",CALVIN KLEIN - SEP 2024,E8967C1,F,FULL RIM,Optical,56-15-140,UNIVERSAL,Calvin Klein,BIO INJ-G820,CALVIN KLEIN,True,METAL,1,BLACK,VIETNAM ONLY,"71,50","55,00",CK24545,Sustainable style,"195,00",MODERN,BUTTERFLY,,black,shiny,0
79,Optical,4,"150,00",CALVIN KLEIN - SEP 2024,E8967C1,F,FULL RIM,Optical,56-15-140,UNIVERSAL,Calvin Klein,BIO INJ-G820,CALVIN KLEIN,True,METAL,4,BLACK/GREY,VIETNAM ONLY,"71,50","55,00",CK24545,Sustainable style,"195,00",MODERN,BUTTERFLY,,black,shiny,1
80,Optical,4,"150,00",CALVIN KLEIN - SEP 2024,E8967C1,F,FULL RIM,Optical,56-15-140,UNIVERSAL,Calvin Klein,BIO INJ-G820,CALVIN KLEIN,True,METAL,235,DARK HAVANA,VIETNAM ONLY,"71,50","55,00",CK24545,Sustainable style,"195,00",MODERN,BUTTERFLY,,tortoise,shiny,0
81,Optical,4,"150,00",CALVIN KLEIN - SEP 2024,E8967C1,F,FULL RIM,Optical,56-15-140,UNIVERSAL,Calvin Klein,BIO INJ-G820,CALVIN KLEIN,True,METAL,415,BLUE/LIGHT BLUE,VIETNAM ONLY,"71,50","55,00",CK24545,Sustainable style,"195,00",MODERN,BUTTERFLY,,blue,shiny,1
82,Optical,4,"150,00",CALVIN KLEIN - SEP 2024,E8967C1,F,FULL RIM,Optical,56-15-140,UNIVERSAL,Calvin Klein,BIO INJ-G820,CALVIN KLEIN,True,METAL,616,WINE/ROSE,VIETNAM ONLY,"71,50","55,00",CK24545,Sustainable style,"195,00",MODERN,BUTTERFLY,,other,shiny,1
83,Optical,4,"150,00",CALVIN KLEIN - SEP 2024,E8967D1,F,FULL RIM,Optical,55-13-140,UNIVERSAL,Calvin Klein,BIO INJ-G820,CALVIN KLEIN,True,METAL,1,BLACK,VIETNAM ONLY,"71,50","55,00",CK24546,Sustainable style,"195,00",MODERN,MODIFIED RECTANGLE,,black,shiny,0
84,Optical,4,"150,00",CALVIN KLEIN - SEP 2024,E8967D1,F,FULL RIM,Optical,55-13-140,UNIVERSAL,Calvin Klein,BIO INJ-G820,CALVIN KLEIN,True,METAL,4,BLACK/GREY,VIETNAM ONLY,"71,50","55,00",CK24546,Sustainable style,"195,00",MODERN,MODIFIED RECTANGLE,,black,shiny,1
85,Optical,4,"150,00",CALVIN KLEIN - SEP 2024,E8967D1,F,FULL RIM,Optical,55-13-140,UNIVERSAL,Calvin Klein,BIO INJ-G820,CALVIN KLEIN,True,METAL,228,BROWN ROSE,VIETNAM ONLY,"71,50","55,00",CK24546,Sustainable style,"195,00",MODERN,MODIFIED RECTANGLE,,brown,shiny,0
86,Optical,4,"150,00",CALVIN KLEIN - SEP 2024,E8967D1,F,FULL RIM,Optical,55-13-140,UNIVERSAL,Calvin Klein,BIO INJ-G820,CALVIN KLEIN,True,METAL,235,DARK HAVANA,VIETNAM ONLY,"71,50","55,00",CK24546,Sustainable style,"195,00",MODERN,MODIFIED RECTANGLE,,tortoise,shiny,0
87,Optical,4,"150,00",CALVIN KLEIN - SEP 2024,E8967D1,F,FULL RIM,Optical,55-13-140,UNIVERSAL,Calvin Klein,BIO INJ-G820,CALVIN KLEIN,True,METAL,415,BLUE/LIGHT BLUE,VIETNAM ONLY,"71,50","55,00",CK24546,Sustainable style,"195,00",MODERN,MODIFIED RECTANGLE,,blue,shiny,1
88,Optical,4,"150,00",CALVIN KLEIN - SEP 2024,E8967B1,U,FULL RIM,Optical,55-14-140,UNIVERSAL,Calvin Klein,BIO INJ-G820,CALVIN KLEIN,True,METAL,1,BLACK,VIETNAM ONLY,"71,50","55,00",CK24547,Sustainable style,"195,00",MODERN,MODIFIED RECTANGLE,,black,shiny,0
89,Optical,4,"150,00",CALVIN KLEIN - SEP 2024,E8967B1,U,FULL RIM,Optical,55-14-140,UNIVERSAL,Calvin Klein,BIO INJ-G820,CALVIN KLEIN,True,METAL,235,DARK HAVANA,VIETNAM ONLY,"71,50","55,00",CK24547,Sustainable style,"195,00",MODERN,MODIFIED RECTANGLE,,tortoise,shiny,0
90,Optical,4,"150,00",CALVIN KLEIN - SEP 2024,E8967B1,U,FULL RIM,Optical,55-14-140,UNIVERSAL,Calvin Klein,BIO INJ-G820,CALVIN KLEIN,True,METAL,261,CARAMEL,VIETNAM ONLY,"71,50","55,00",CK24547,Sustainable style,"195,00",MODERN,MODIFIED RECTANGLE,,other,shiny,0
91,Optical,4,"150,00",CALVIN KLEIN - SEP 2024,E8967B1,U,FULL RIM,Optical,55-14-140,UNIVERSAL,Calvin Klein,BIO INJ-G820,CALVIN KLEIN,True,METAL,438,BLUE,VIETNAM ONLY,"71,50","55,00",CK24547,Sustainable style,"195,00",MODERN,MODIFIED RECTANGLE,,blue,shiny,0
92,Optical,4,"190,00",CALVIN KLEIN - SEP 2024,E8964B1,M,FULL RIM,Optical,56-16-145,UNIVERSAL,Calvin Klein,ACETATE,CALVIN KLEIN,True,METAL,1,BLACK,CHINA ONLY,"92,50","71,00",CK24548,Potential ADV,"250,00",AVANTGARDE,NAVIGATOR,,black,shiny,0
93,Optical,4,"190,00",CALVIN KLEIN - SEP 2024,E8964B1,M,FULL RIM,Optical,56-16-145,UNIVERSAL,Calvin Klein,ACETATE,CALVIN KLEIN,True,METAL,235,DARK HAVANA,CHINA ONLY,"92,50","71,00",CK24548,Potential ADV,"250,00",AVANTGARDE,NAVIGATOR,,tortoise,shiny,0
94,Optical,4,"190,00",CALVIN KLEIN - SEP 2024,E8964B1,M,FULL RIM,Optical,56-16-145,UNIVERSAL,Calvin Klein,ACETATE,CALVIN KLEIN,True,METAL,400,BLUE,CHINA ONLY,"92,50","71,00",CK24548,Potential ADV,"250,00",AVANTGARDE,NAVIGATOR,,blue,shiny,0
95,Optical,4,"200,00",LACOSTE - SEP 2024,E8981C1,M,FULL RIM,OPTICAL,57-18-145,GLOBAL,Lacoste,METAL,LACOSTE,True,ACETATE,2,MATTE BLACK,CHINA ONLY,"102,00","73,50",L2302,POTENTIAL ADV STYLE,"275,00",THE LINE,MODIFIED RECTANGLE,,black,matte,0
96,Optical,4,"200,00",LACOSTE - SEP 2024,E8981C1,M,FULL RIM,OPTICAL,57-18-145,GLOBAL,Lacoste,METAL,LACOSTE,True,ACETATE,45,SILVER,CHINA ONLY,"102,00","73,50",L2302,POTENTIAL ADV STYLE,"275,00",THE LINE,MODIFIED RECTANGLE,,silver,shiny,0
97,Optical,4,"200,00",LACOSTE - SEP 2024,E8981C1,M,FULL RIM,OPTICAL,57-18-145,GLOBAL,Lacoste,METAL,LACOSTE,True,ACETATE,714,GOLD,CHINA ONLY,"102,00","73,50",L2302,POTENTIAL ADV STYLE,"275,00",THE LINE,MODIFIED RECTANGLE,ADV SKU,gold,shiny,0
98,Optical,4,"200,00",LACOSTE - SEP 2024,E8983B2,F,FULL RIM,OPTICAL,53-18-140,GLOBAL,Lacoste,METAL,LACOSTE,True,METAL,1,BLACK/GOLD,CHINA ONLY,"102,00","73,50",L2303,,"275,00",PLISSÉ,MODIFIED RECTANGLE,,black,shiny,1
99,Optical,4,"200,00",LACOSTE - SEP 2024,E8983B2,F,FULL RIM,OPTICAL,53-18-140,GLOBAL,Lacoste,METAL,LACOSTE,True,METAL,601,BURGUNDY/GOLD,CHINA ONLY,"102,00","73,50",L2303,,"275,00",PLISSÉ,MODIFIED RECTANGLE,,red,shiny,1
100,Optical,4,"200,00",LACOSTE - SEP 2024,E8983B2,F,FULL RIM,OPTICAL,53-18-140,GLOBAL,Lacoste,METAL,LACOSTE,True,METAL,662,NUDE/ROSE GOLD,CHINA ONLY,"102,00","73,50",L2303,,"275,00",PLISSÉ,MODIFIED RECTANGLE,,beige,shiny,1
101,Optical,4,"200,00",LACOSTE - SEP 2024,E8764C1,M,FULL RIM,OPTICAL,53-18-145,GLOBAL,Lacoste,METAL,LACOSTE,True,ACETATE,1,BLACK,CHINA ONLY,"102,00","73,50",L2304,,"275,00",PETIT PIQUÉ,MODIFIED RECTANGLE,,black,shiny,0
102,Optical,4,"200,00",LACOSTE - SEP 2024,E8764C1,M,FULL RIM,OPTICAL,53-18-145,GLOBAL,Lacoste,METAL,LACOSTE,True,ACETATE,2,MATTE BLACK,CHINA ONLY,"102,00","73,50",L2304,,"275,00",PETIT PIQUÉ,MODIFIED RECTANGLE,,black,matte,0
103,Optical,4,"200,00",LACOSTE - SEP 2024,E8764C1,M,FULL RIM,OPTICAL,53-18-145,GLOBAL,Lacoste,METAL,LACOSTE,True,ACETATE,275,MATTE KHAKI,CHINA ONLY,"102,00","73,50",L2304,,"275,00",PETIT PIQUÉ,MODIFIED RECTANGLE,,beige,matte,0
104,Optical,4,"200,00",LACOSTE - SEP 2024,E8764C1,M,FULL RIM,OPTICAL,53-18-145,GLOBAL,Lacoste,METAL,LACOSTE,True,ACETATE,424,MATTE BLUE,CHINA ONLY,"102,00","73,50",L2304,,"275,00",PETIT PIQUÉ,MODIFIED RECTANGLE,,blue,matte,0
105,Optical,4,"180,00",LACOSTE - SEP 2024,E9008A1,M,SEMI-RIMLESS,OPTICAL,54-19-145,GLOBAL,Lacoste,METAL,LACOSTE,True,INJ-SILICONE,1,BLACK,CHINA ONLY,"92,50","67,00",L2305,,"250,00",STRIPES & PIPING,MODIFIED RECTANGLE,,black,shiny,0
106,Optical,4,"180,00",LACOSTE - SEP 2024,E9008A1,M,SEMI-RIMLESS,OPTICAL, 57-19-145,GLOBAL,Lacoste,METAL,LACOSTE,True,INJ-SILICONE,1,BLACK,CHINA ONLY,"92,50","67,00",L2305,,"250,00",STRIPES & PIPING,MODIFIED RECTANGLE,,black,shiny,0
107,Optical,4,"180,00",LACOSTE - SEP 2024,E9008A1,M,SEMI-RIMLESS,OPTICAL,54-19-145,GLOBAL,Lacoste,METAL,LACOSTE,True,INJ-SILICONE,38,GUNMETAL,CHINA ONLY,"92,50","67,00",L2305,,"250,00",STRIPES & PIPING,MODIFIED RECTANGLE,,grey,shiny,0
108,Optical,4,"180,00",LACOSTE - SEP 2024,E9008A1,M,SEMI-RIMLESS,OPTICAL, 57-19-145,GLOBAL,Lacoste,METAL,LACOSTE,True,INJ-SILICONE,38,GUNMETAL,CHINA ONLY,"92,50","67,00",L2305,,"250,00",STRIPES & PIPING,MODIFIED RECTANGLE,,grey,shiny,0
109,Optical,4,"180,00",LACOSTE - SEP 2024,E9008A1,M,SEMI-RIMLESS,OPTICAL,54-19-145,GLOBAL,Lacoste,METAL,LACOSTE,True,INJ-SILICONE,301,GREEN,CHINA ONLY,"92,50","67,00",L2305,,"250,00",STRIPES & PIPING,MODIFIED RECTANGLE,,green,shiny,0
110,Optical,4,"180,00",LACOSTE - SEP 2024,E9008A1,M,SEMI-RIMLESS,OPTICAL, 57-19-145,GLOBAL,Lacoste,METAL,LACOSTE,True,INJ-SILICONE,301,GREEN,CHINA ONLY,"92,50","67,00",L2305,,"250,00",STRIPES & PIPING,MODIFIED RECTANGLE,,green,shiny,0
111,Optical,4,"180,00",LACOSTE - SEP 2024,E9008A1,M,SEMI-RIMLESS,OPTICAL,54-19-145,GLOBAL,Lacoste,METAL,LACOSTE,True,INJ-SILICONE,410,BLUE,CHINA ONLY,"92,50","67,00",L2305,,"250,00",STRIPES & PIPING,MODIFIED RECTANGLE,,blue,shiny,0
112,Optical,4,"180,00",LACOSTE - SEP 2024,E9008A1,M,SEMI-RIMLESS,OPTICAL, 57-19-145,GLOBAL,Lacoste,METAL,LACOSTE,True,INJ-SILICONE,410,BLUE,CHINA ONLY,"92,50","67,00",L2305,,"250,00",STRIPES & PIPING,MODIFIED RECTANGLE,,blue,shiny,0
113,Optical,4,"185,00",LACOSTE - SEP 2024,E9007C1,M,FULL RIM,OPTICAL,53-16-145,GLOBAL,Lacoste,BIO INJ-G820,LACOSTE,True,INJ-SILICONE,1,BLACK,CHINA ONLY,"95,50","69,00",L2707MAGSET,,"260,00",STRIPES & PIPING,MODIFIED RECTANGLE,,black,shiny,0
114,Optical,4,"185,00",LACOSTE - SEP 2024,E9007C1,M,FULL RIM,OPTICAL,55-16-145,GLOBAL,Lacoste,BIO INJ-G820,LACOSTE,True,INJ-SILICONE,1,BLACK,CHINA ONLY,"95,50","69,00",L2707MAGSET,,"260,00",STRIPES & PIPING,MODIFIED RECTANGLE,,black,shiny,0
115,Optical,4,"185,00",LACOSTE - SEP 2024,E9007C1,M,FULL RIM,OPTICAL,53-16-145,GLOBAL,Lacoste,BIO INJ-G820,LACOSTE,True,INJ-SILICONE,2,MATTE BLACK,CHINA ONLY,"95,50","69,00",L2707MAGSET,,"260,00",STRIPES & PIPING,MODIFIED RECTANGLE,,black,matte,0
116,Optical,4,"185,00",LACOSTE - SEP 2024,E9007C1,M,FULL RIM,OPTICAL,55-16-145,GLOBAL,Lacoste,BIO INJ-G820,LACOSTE,True,INJ-SILICONE,2,MATTE BLACK,CHINA ONLY,"95,50","69,00",L2707MAGSET,,"260,00",STRIPES & PIPING,MODIFIED RECTANGLE,,black,matte,0
117,Optical,4,"185,00",LACOSTE - SEP 2024,E9007C1,M,FULL RIM,OPTICAL,53-16-145,GLOBAL,Lacoste,BIO INJ-G820,LACOSTE,True,INJ-SILICONE,301,GREEN,CHINA ONLY,"95,50","69,00",L2707MAGSET,,"260,00",STRIPES & PIPING,MODIFIED RECTANGLE,,green,shiny,0
118,Optical,4,"185,00",LACOSTE - SEP 2024,E9007C1,M,FULL RIM,OPTICAL,55-16-145,GLOBAL,Lacoste,BIO INJ-G820,LACOSTE,True,INJ-SILICONE,301,GREEN,CHINA ONLY,"95,50","69,00",L2707MAGSET,,"260,00",STRIPES & PIPING,MODIFIED RECTANGLE,,green,shiny,0
119,Optical,4,"185,00",LACOSTE - SEP 2024,E9007C1,M,FULL RIM,OPTICAL,53-16-145,GLOBAL,Lacoste,BIO INJ-G820,LACOSTE,True,INJ-SILICONE,410,BLUE,CHINA ONLY,"95,50","69,00",L2707MAGSET,,"260,00",STRIPES & PIPING,MODIFIED RECTANGLE,,blue,shiny,0
120,Optical,4,"185,00",LACOSTE - SEP 2024,E9007C1,M,FULL RIM,OPTICAL,55-16-145,GLOBAL,Lacoste,BIO INJ-G820,LACOSTE,True,INJ-SILICONE,410,BLUE,CHINA ONLY,"95,50","69,00",L2707MAGSET,,"260,00",STRIPES & PIPING,MODIFIED RECTANGLE,,blue,shiny,0
121,Optical,4,"120,00",LACOSTE - SEP 2024,E8978B1,M,FULL RIM,OPTICAL,55-14-145,GLOBAL,Lacoste,BIO INJ-G820,LACOSTE,True,BIO INJ-G820,1,BLACK,CHINA ONLY,"62,50","45,00",L2959,,"170,00",STRIPES & PIPING,MODIFIED RECTANGLE,,black,shiny,0
122,Optical,4,"120,00",LACOSTE - SEP 2024,E8978B1,M,FULL RIM,OPTICAL,55-14-145,GLOBAL,Lacoste,BIO INJ-G820,LACOSTE,True,BIO INJ-G820,214,HAVANA,CHINA ONLY,"62,50","45,00",L2959,,"170,00",STRIPES & PIPING,MODIFIED RECTANGLE,,tortoise,shiny,0
123,Optical,4,"120,00",LACOSTE - SEP 2024,E8978B1,M,FULL RIM,OPTICAL,55-14-145,GLOBAL,Lacoste,BIO INJ-G820,LACOSTE,True,BIO INJ-G820,301,MATTE GREEN,CHINA ONLY,"62,50","45,00",L2959,,"170,00",STRIPES & PIPING,MODIFIED RECTANGLE,,grey,matte,0
124,Optical,4,"120,00",LACOSTE - SEP 2024,E8978B1,M,FULL RIM,OPTICAL,55-14-145,GLOBAL,Lacoste,BIO INJ-G820,LACOSTE,True,BIO INJ-G820,424,MATTE BLUE,CHINA ONLY,"62,50","45,00",L2959,,"170,00",STRIPES & PIPING,MODIFIED RECTANGLE,,blue,matte,0
125,Optical,4,"120,00",LACOSTE - SEP 2024,E8978C1,M,FULL RIM,OPTICAL,54-18-145,GLOBAL,Lacoste,BIO INJ-G820,LACOSTE,True,BIO INJ-G820,1,BLACK,CHINA ONLY,"62,50","45,00",L2960,,"170,00",STRIPES & PIPING,MODIFIED RECTANGLE,,black,shiny,0
126,Optical,4,"120,00",LACOSTE - SEP 2024,E8978C1,M,FULL RIM,OPTICAL, 56-19-145,GLOBAL,Lacoste,BIO INJ-G820,LACOSTE,True,BIO INJ-G820,1,BLACK,CHINA ONLY,"62,50","45,00",L2960,,"170,00",STRIPES & PIPING,MODIFIED RECTANGLE,,black,shiny,0
127,Optical,4,"120,00",LACOSTE - SEP 2024,E8978C1,M,FULL RIM,OPTICAL,54-18-145,GLOBAL,Lacoste,BIO INJ-G820,LACOSTE,True,BIO INJ-G820,35,TRANSPARENT GREY,CHINA ONLY,"62,50","45,00",L2960,,"170,00",STRIPES & PIPING,MODIFIED RECTANGLE,,crystal,shiny,0
128,Optical,4,"120,00",LACOSTE - SEP 2024,E8978C1,M,FULL RIM,OPTICAL, 56-19-145,GLOBAL,Lacoste,BIO INJ-G820,LACOSTE,True,BIO INJ-G820,35,TRANSPARENT GREY,CHINA ONLY,"62,50","45,00",L2960,,"170,00",STRIPES & PIPING,MODIFIED RECTANGLE,,crystal,shiny,0
129,Optical,4,"120,00",LACOSTE - SEP 2024,E8978C1,M,FULL RIM,OPTICAL,54-18-145,GLOBAL,Lacoste,BIO INJ-G820,LACOSTE,True,BIO INJ-G820,301,TRANSPARENT GREEN,CHINA ONLY,"62,50","45,00",L2960,,"170,00",STRIPES & PIPING,MODIFIED RECTANGLE,,crystal,shiny,0
130,Optical,4,"120,00",LACOSTE - SEP 2024,E8978C1,M,FULL RIM,OPTICAL, 56-19-145,GLOBAL,Lacoste,BIO INJ-G820,LACOSTE,True,BIO INJ-G820,301,TRANSPARENT GREEN,CHINA ONLY,"62,50","45,00",L2960,,"170,00",STRIPES & PIPING,MODIFIED RECTANGLE,,crystal,shiny,0
131,Optical,4,"120,00",LACOSTE - SEP 2024,E8978C1,M,FULL RIM,OPTICAL,54-18-145,GLOBAL,Lacoste,BIO INJ-G820,LACOSTE,True,BIO INJ-G820,410,TRANSPARENT BLUE,CHINA ONLY,"62,50","45,00",L2960,,"170,00",STRIPES & PIPING,MODIFIED RECTANGLE,,crystal,shiny,0
132,Optical,4,"120,00",LACOSTE - SEP 2024,E8978C1,M,FULL RIM,OPTICAL, 56-19-145,GLOBAL,Lacoste,BIO INJ-G820,LACOSTE,True,BIO INJ-G820,410,TRANSPARENT BLUE,CHINA ONLY,"62,50","45,00",L2960,,"170,00",STRIPES & PIPING,MODIFIED RECTANGLE,,crystal,shiny,0
133,Optical,4,"180,00",LACOSTE - SEP 2024,E8984D1,F,FULL RIM,OPTICAL,53-15-140,GLOBAL,Lacoste,ACETATE,LACOSTE,True,METAL,1,BLACK,CHINA ONLY,"92,50","67,00",L2961,POTENTIAL ADV,"250,00",PLISSÉ,MODIFIED RECTANGLE,,black,shiny,0
134,Optical,4,"180,00",LACOSTE - SEP 2024,E8984D1,F,FULL RIM,OPTICAL,53-15-140,GLOBAL,Lacoste,ACETATE,LACOSTE,True,METAL,214,HAVANA,CHINA ONLY,"92,50","67,00",L2961,POTENTIAL ADV,"250,00",PLISSÉ,MODIFIED RECTANGLE,,tortoise,shiny,0
135,Optical,4,"180,00",LACOSTE - SEP 2024,E8984D1,F,FULL RIM,OPTICAL,53-15-140,GLOBAL,Lacoste,ACETATE,LACOSTE,True,METAL,301,GRADIENT GREEN,CHINA ONLY,"92,50","67,00",L2961,POTENTIAL ADV,"250,00",PLISSÉ,MODIFIED RECTANGLE,,green,shiny,0
136,Optical,4,"180,00",LACOSTE - SEP 2024,E8984D1,F,FULL RIM,OPTICAL,53-15-140,GLOBAL,Lacoste,ACETATE,LACOSTE,True,METAL,513,GRADIENT PURPLE,CHINA ONLY,"92,50","67,00",L2961,POTENTIAL ADV,"250,00",PLISSÉ,MODIFIED RECTANGLE,,purple,shiny,0
137,Optical,4,"160,00",LACOSTE - SEP 2024,E8838C1,F,FULL RIM,OPTICAL,54-15-140,GLOBAL,Lacoste,BIO INJ-G820,LACOSTE,True,BIO INJ-G820,35,GREY,CHINA ONLY,"82,00","59,00",L2962,,"220,00",L.12.12 TRIM,MODIFIED RECTANGLE,,grey,shiny,0
138,Optical,4,"160,00",LACOSTE - SEP 2024,E8838C1,F,FULL RIM,OPTICAL,54-15-140,GLOBAL,Lacoste,BIO INJ-G820,LACOSTE,True,BIO INJ-G820,210,BROWN,CHINA ONLY,"82,00","59,00",L2962,,"220,00",L.12.12 TRIM,MODIFIED RECTANGLE,,brown,shiny,0
139,Optical,4,"160,00",LACOSTE - SEP 2024,E8838C1,F,FULL RIM,OPTICAL,54-15-140,GLOBAL,Lacoste,BIO INJ-G820,LACOSTE,True,BIO INJ-G820,275,KHAKI,CHINA ONLY,"82,00","59,00",L2962,,"220,00",L.12.12 TRIM,MODIFIED RECTANGLE,,beige,shiny,0
140,Optical,4,"160,00",LACOSTE - SEP 2024,E8838C1,F,FULL RIM,OPTICAL,54-15-140,GLOBAL,Lacoste,BIO INJ-G820,LACOSTE,True,BIO INJ-G820,662,ROSE,CHINA ONLY,"82,00","59,00",L2962,,"220,00",L.12.12 TRIM,MODIFIED RECTANGLE,,pink,shiny,0
141,Optical,4,"135,00",LACOSTE - SEP 2024,E8765E1,M,FULL RIM,OPTICAL,53-17-145,GLOBAL,Lacoste,BIO INJ-G820,LACOSTE,True,BIO INJ-G820,1,BLACK,CHINA ONLY,"69,50","50,00",L2963,,"190,00",EASY RIBBON,MODIFIED RECTANGLE,,black,shiny,0
142,Optical,4,"135,00",LACOSTE - SEP 2024,E8765E1,M,FULL RIM,OPTICAL,53-17-145,GLOBAL,Lacoste,BIO INJ-G820,LACOSTE,True,BIO INJ-G820,35,TRANSPARENT GREY,CHINA ONLY,"69,50","50,00",L2963,,"190,00",EASY RIBBON,MODIFIED RECTANGLE,,crystal,shiny,0
143,Optical,4,"135,00",LACOSTE - SEP 2024,E8765E1,M,FULL RIM,OPTICAL,53-17-145,GLOBAL,Lacoste,BIO INJ-G820,LACOSTE,True,BIO INJ-G820,214,HAVANA,CHINA ONLY,"69,50","50,00",L2963,,"190,00",EASY RIBBON,MODIFIED RECTANGLE,,tortoise,shiny,0
144,Optical,4,"135,00",LACOSTE - SEP 2024,E8765E1,M,FULL RIM,OPTICAL,53-17-145,GLOBAL,Lacoste,BIO INJ-G820,LACOSTE,True,BIO INJ-G820,410,TRANSPARENT BLUE,CHINA ONLY,"69,50","50,00",L2963,,"190,00",EASY RIBBON,MODIFIED RECTANGLE,,crystal,shiny,0
145,Optical,4,"180,00",LACOSTE - SEP 2024,E8787E1,M,FULL RIM,OPTICAL,51-20-145,GLOBAL,Lacoste,BIO INJ-G820,LACOSTE,True,ACETATE,1,BLACK,CHINA ONLY,"92,50","67,00",L2964,,"250,00",PETIT PIQUÉ,MODIFIED RECTANGLE,,black,shiny,0
146,Optical,4,"180,00",LACOSTE - SEP 2024,E8787E1,M,FULL RIM,OPTICAL,51-20-145,GLOBAL,Lacoste,BIO INJ-G820,LACOSTE,True,ACETATE,35,TRANSPARENT GREY,CHINA ONLY,"92,50","67,00",L2964,,"250,00",PETIT PIQUÉ,MODIFIED RECTANGLE,,crystal,shiny,0
147,Optical,4,"180,00",LACOSTE - SEP 2024,E8787E1,M,FULL RIM,OPTICAL,51-20-145,GLOBAL,Lacoste,BIO INJ-G820,LACOSTE,True,ACETATE,214,HAVANA,CHINA ONLY,"92,50","67,00",L2964,,"250,00",PETIT PIQUÉ,MODIFIED RECTANGLE,,tortoise,shiny,0
148,Optical,4,"180,00",LACOSTE - SEP 2024,E8787E1,M,FULL RIM,OPTICAL,51-20-145,GLOBAL,Lacoste,BIO INJ-G820,LACOSTE,True,ACETATE,275,TRANSPARENT KHAKI,CHINA ONLY,"92,50","67,00",L2964,,"250,00",PETIT PIQUÉ,MODIFIED RECTANGLE,,crystal,shiny,0
149,Optical,4,"160,00",LACOSTE - SEP 2024,E9007A1,M,FULL RIM,OPTICAL,53-17-145,GLOBAL,Lacoste,BIO INJ-G820,LACOSTE,True,INJ-SILICONE,1,BLACK,CHINA ONLY,"82,00","59,00",L2965,,"220,00",STRIPES & PIPING,MODIFIED RECTANGLE,,black,shiny,0
150,Optical,4,"160,00",LACOSTE - SEP 2024,E9007A1,M,FULL RIM,OPTICAL,53-17-145,GLOBAL,Lacoste,BIO INJ-G820,LACOSTE,True,INJ-SILICONE,2,MATTE BLACK,CHINA ONLY,"82,00","59,00",L2965,,"220,00",STRIPES & PIPING,MODIFIED RECTANGLE,,black,matte,0
151,Optical,4,"160,00",LACOSTE - SEP 2024,E9007A1,M,FULL RIM,OPTICAL,53-17-145,GLOBAL,Lacoste,BIO INJ-G820,LACOSTE,True,INJ-SILICONE,301,GREEN,CHINA ONLY,"82,00","59,00",L2965,,"220,00",STRIPES & PIPING,MODIFIED RECTANGLE,,green,shiny,0
152,Optical,4,"160,00",LACOSTE - SEP 2024,E9007A1,M,FULL RIM,OPTICAL,53-17-145,GLOBAL,Lacoste,BIO INJ-G820,LACOSTE,True,INJ-SILICONE,410,BLUE,CHINA ONLY,"82,00","59,00",L2965,,"220,00",STRIPES & PIPING,MODIFIED RECTANGLE,,blue,shiny,0
153,Optical,4,"185,00",LACOSTE - SEP 2024,E8982D1,M,FULL RIM,OPTICAL,50-20-145,GLOBAL,Lacoste,ACETATE,LACOSTE,True,ACETATE,1,BLACK,CHINA ONLY,"95,50","69,00",L2966,,"260,00",THE LINE,MODIFIED RECTANGLE,,black,shiny,0
154,Optical,4,"185,00",LACOSTE - SEP 2024,E8982D1,M,FULL RIM,OPTICAL,50-20-145,GLOBAL,Lacoste,ACETATE,LACOSTE,True,ACETATE,210,STRIPED BROWN,CHINA ONLY,"95,50","69,00",L2966,,"260,00",THE LINE,MODIFIED RECTANGLE,,brown,shiny,0
155,Optical,4,"185,00",LACOSTE - SEP 2024,E8982D1,M,FULL RIM,OPTICAL,50-20-145,GLOBAL,Lacoste,ACETATE,LACOSTE,True,ACETATE,230,DARK HAVANA,CHINA ONLY,"95,50","69,00",L2966,,"260,00",THE LINE,MODIFIED RECTANGLE,,tortoise,shiny,0
156,Optical,4,"185,00",LACOSTE - SEP 2024,E8982D1,M,FULL RIM,OPTICAL,50-20-145,GLOBAL,Lacoste,ACETATE,LACOSTE,True,ACETATE,275,STRIPED KHAKI,CHINA ONLY,"95,50","69,00",L2966,,"260,00",THE LINE,MODIFIED RECTANGLE,,beige,shiny,0
157,Sun,4,"185,00",LACOSTE - SEP 2024,E8997A1,M,FULL RIM,SUN,53-20-145,GLOBAL,Lacoste,METAL,LACOSTE,True,ACETATE,33,GUNMETAL,CHINA ONLY,"107,50","84,50",L265S,,"215,00",THE LINE,MODIFIED RECTANGLE,,grey,shiny,0
158,Sun,4,"185,00",LACOSTE - SEP 2024,E8997A1,M,FULL RIM,SUN,53-20-145,GLOBAL,Lacoste,METAL,LACOSTE,True,ACETATE,38,LIGHT GUNMETAL,CHINA ONLY,"107,50","84,50",L265S,,"215,00",THE LINE,MODIFIED RECTANGLE,,grey,shiny,0
159,Sun,4,"185,00",LACOSTE - SEP 2024,E8997A1,M,FULL RIM,SUN,53-20-145,GLOBAL,Lacoste,METAL,LACOSTE,True,ACETATE,712,LIGHT GOLD,CHINA ONLY,"107,50","84,50",L265S,,"215,00",THE LINE,MODIFIED RECTANGLE,,green,shiny,0
160,Sun,4,"185,00",LACOSTE - SEP 2024,E8997A1,M,FULL RIM,SUN,53-20-145,GLOBAL,Lacoste,METAL,LACOSTE,True,ACETATE,714,GOLD,CHINA ONLY,"107,50","84,50",L265S,,"215,00",THE LINE,MODIFIED RECTANGLE,,gold,shiny,0
161,Sun,4,"180,00",LACOSTE - SEP 2024,E8694E1,M,FULL RIM,SUN,51-20-145,GLOBAL,Lacoste,BIO INJ-G820,LACOSTE,True,ACETATE,1,BLACK/GOLD,CHINA ONLY,"104,50","82,50",L266S,,"210,00",PETIT PIQUÉ,MODIFIED RECTANGLE,,black,shiny,1
162,Sun,4,"180,00",LACOSTE - SEP 2024,E8694E1,M,FULL RIM,SUN,51-20-145,GLOBAL,Lacoste,BIO INJ-G820,LACOSTE,True,ACETATE,2,MATTE BLACK,CHINA ONLY,"104,50","82,50",L266S,,"210,00",PETIT PIQUÉ,MODIFIED RECTANGLE,,black,matte,0
163,Sun,4,"180,00",LACOSTE - SEP 2024,E8694E1,M,FULL RIM,SUN,51-20-145,GLOBAL,Lacoste,BIO INJ-G820,LACOSTE,True,ACETATE,214,HAVANA/GOLD,CHINA ONLY,"104,50","82,50",L266S,,"210,00",PETIT PIQUÉ,MODIFIED RECTANGLE,,tortoise,shiny,1
164,Sun,4,"180,00",LACOSTE - SEP 2024,E8694E1,M,FULL RIM,SUN,51-20-145,GLOBAL,Lacoste,BIO INJ-G820,LACOSTE,True,ACETATE,301,GREEN/GUNMETAL,CHINA ONLY,"104,50","82,50",L266S,,"210,00",PETIT PIQUÉ,MODIFIED RECTANGLE,,green,shiny,1
165,Sun,4,"115,00",LACOSTE - SEP 2024,E8184C1,U,FULL RIM,SUN,57-16-145,GLOBAL,Lacoste,BIO INJ-G820,LACOSTE,True,BIO INJ-G820,2,MATTE BLACK,CHINA ONLY,"67,50","52,50",L6039S,,"135,00",STRIPES & PIPING,OVAL,,black,matte,0
166,Sun,4,"115,00",LACOSTE - SEP 2024,E8184C1,U,FULL RIM,SUN,57-16-145,GLOBAL,Lacoste,BIO INJ-G820,LACOSTE,True,BIO INJ-G820,214,HAVANA,CHINA ONLY,"67,50","52,50",L6039S,,"135,00",STRIPES & PIPING,OVAL,,tortoise,shiny,0
167,Sun,4,"115,00",LACOSTE - SEP 2024,E8184C1,U,FULL RIM,SUN,57-16-145,GLOBAL,Lacoste,BIO INJ-G820,LACOSTE,True,BIO INJ-G820,301,MATTE GREEN,CHINA ONLY,"67,50","52,50",L6039S,,"135,00",STRIPES & PIPING,OVAL,,grey,matte,0
168,Sun,4,"115,00",LACOSTE - SEP 2024,E8184C1,U,FULL RIM,SUN,57-16-145,GLOBAL,Lacoste,BIO INJ-G820,LACOSTE,True,BIO INJ-G820,424,MATTE BLUE,CHINA ONLY,"67,50","52,50",L6039S,,"135,00",STRIPES & PIPING,OVAL,,blue,matte,0
169,Sun,4,"130,00",LACOSTE - SEP 2024,E8692C1,M,FULL RIM,SUN,51-20-145,GLOBAL,Lacoste,BIO INJ-G820,LACOSTE,True,BIO INJ-G820,1,BLACK,CHINA ONLY,"74,50","59,50",L6040S,,"150,00",EASY RIBBON,MODIFIED RECTANGLE,,black,shiny,0
170,Sun,4,"130,00",LACOSTE - SEP 2024,E8692C1,M,FULL RIM,SUN,51-20-145,GLOBAL,Lacoste,BIO INJ-G820,LACOSTE,True,BIO INJ-G820,35,TRANSPARENT GREY,CHINA ONLY,"74,50","59,50",L6040S,,"150,00",EASY RIBBON,MODIFIED RECTANGLE,,crystal,shiny,0
171,Sun,4,"130,00",LACOSTE - SEP 2024,E8692C1,M,FULL RIM,SUN,51-20-145,GLOBAL,Lacoste,BIO INJ-G820,LACOSTE,True,BIO INJ-G820,210,TRANSPARENT BROWN,CHINA ONLY,"74,50","59,50",L6040S,,"150,00",EASY RIBBON,MODIFIED RECTANGLE,,crystal,shiny,0
172,Sun,4,"130,00",LACOSTE - SEP 2024,E8692C1,M,FULL RIM,SUN,51-20-145,GLOBAL,Lacoste,BIO INJ-G820,LACOSTE,True,BIO INJ-G820,214,HAVANA,CHINA ONLY,"74,50","59,50",L6040S,,"150,00",EASY RIBBON,MODIFIED RECTANGLE,,tortoise,shiny,0
173,Sun,4,"130,00",LACOSTE - SEP 2024,E8692E1,M,FULL RIM,SUN,54-18-145,GLOBAL,Lacoste,BIO INJ-G820,LACOSTE,True,BIO INJ-G820,1,BLACK,CHINA ONLY,"74,50","59,50",L6041S,,"150,00",EASY RIBBON,MODIFIED RECTANGLE,,black,shiny,0
174,Sun,4,"130,00",LACOSTE - SEP 2024,E8692E1,M,FULL RIM,SUN,54-18-145,GLOBAL,Lacoste,BIO INJ-G820,LACOSTE,True,BIO INJ-G820,2,MATTE BLACK,CHINA ONLY,"74,50","59,50",L6041S,,"150,00",EASY RIBBON,MODIFIED RECTANGLE,,black,matte,0
175,Sun,4,"130,00",LACOSTE - SEP 2024,E8692E1,M,FULL RIM,SUN,54-18-145,GLOBAL,Lacoste,BIO INJ-G820,LACOSTE,True,BIO INJ-G820,214,HAVANA,CHINA ONLY,"74,50","59,50",L6041S,,"150,00",EASY RIBBON,MODIFIED RECTANGLE,,tortoise,shiny,0
176,Sun,4,"130,00",LACOSTE - SEP 2024,E8692E1,M,FULL RIM,SUN,54-18-145,GLOBAL,Lacoste,BIO INJ-G820,LACOSTE,True,BIO INJ-G820,410,TRANSPARENT BLUE,CHINA ONLY,"74,50","59,50",L6041S,,"150,00",EASY RIBBON,MODIFIED RECTANGLE,,crystal,shiny,0
177,Sun,6,"150,00",LACOSTE - SEP 2024,E8915B1,M,FULL RIM,SUN,55-17-145,GLOBAL,Lacoste,BIO INJ-G820,LACOSTE,True,INJ-RUBBER,2,MATTE BLACK/GREY,CHINA ONLY,"84,50","67,50",L6042S,,"170,00",SPORT COLOR BLOCK,MODIFIED RECTANGLE,,black,matte,1
178,Sun,6,"150,00",LACOSTE - SEP 2024,E8915B1,M,FULL RIM,SUN,55-17-145,GLOBAL,Lacoste,BIO INJ-G820,LACOSTE,True,INJ-RUBBER,4,MATTE BLACK/PURPLE BLUE YELLOW,CHINA ONLY,"84,50","67,50",L6042S,,"170,00",SPORT COLOR BLOCK,MODIFIED RECTANGLE,,black,matte,1
179,Sun,6,"150,00",LACOSTE - SEP 2024,E8915B1,M,FULL RIM,SUN,55-17-145,GLOBAL,Lacoste,BIO INJ-G820,LACOSTE,True,INJ-RUBBER,275,MATTE KHAKI/BROWN MIIRROR,CHINA ONLY,"84,50","67,50",L6042S,,"170,00",SPORT COLOR BLOCK,MODIFIED RECTANGLE,,beige,matte,1
180,Sun,6,"150,00",LACOSTE - SEP 2024,E8915B1,M,FULL RIM,SUN,55-17-145,GLOBAL,Lacoste,BIO INJ-G820,LACOSTE,True,INJ-RUBBER,424,MATTE BLUE/BLUE MIRROR,CHINA ONLY,"84,50","67,50",L6042S,,"170,00",SPORT COLOR BLOCK,MODIFIED RECTANGLE,,blue,matte,1
181,Sun,4,"150,00",LACOSTE - SEP 2024,E8915C1,M,FULL RIM,SUN,56-18-145,GLOBAL,Lacoste,BIO INJ-G820,LACOSTE,True,INJ-RUBBER,2,MATTE BLACK/GREEN MIRROR,CHINA ONLY,"84,50","67,50",L6043S,,"170,00",SPORT COLOR BLOCK,MODIFIED RECTANGLE,,black,matte,1
182,Sun,4,"150,00",LACOSTE - SEP 2024,E8915C1,M,FULL RIM,SUN,56-18-145,GLOBAL,Lacoste,BIO INJ-G820,LACOSTE,True,INJ-RUBBER,301,MATTE GREEN/GREY,CHINA ONLY,"84,50","67,50",L6043S,,"170,00",SPORT COLOR BLOCK,MODIFIED RECTANGLE,,grey,matte,1
183,Sun,4,"150,00",LACOSTE - SEP 2024,E8915C1,M,FULL RIM,SUN,56-18-145,GLOBAL,Lacoste,BIO INJ-G820,LACOSTE,True,INJ-RUBBER,424,MATTE BLUE/BLUE,CHINA ONLY,"84,50","67,50",L6043S,,"170,00",SPORT COLOR BLOCK,MODIFIED RECTANGLE,,blue,matte,1
184,Sun,4,"150,00",LACOSTE - SEP 2024,E8915C1,M,FULL RIM,SUN,56-18-145,GLOBAL,Lacoste,BIO INJ-G820,LACOSTE,True,INJ-RUBBER,601,MATTE BURGUNDY/ORANGE MIRROR,CHINA ONLY,"84,50","67,50",L6043S,,"170,00",SPORT COLOR BLOCK,MODIFIED RECTANGLE,,black,matte,1
185,Sun,4,"170,00",LACOSTE - SEP 2024,E8917A1,F,FULL RIM,SUN,54-20-145,GLOBAL,Lacoste,BIO INJ-G820,LACOSTE,True,ACETATE,1,BLACK,CHINA ONLY,"97,50","77,00",L6044S,,"195,00",GEOMETRICAL COLOR BLOCK,SQUARE,,black,shiny,0
186,Sun,4,"170,00",LACOSTE - SEP 2024,E8917A1,F,FULL RIM,SUN,54-20-145,GLOBAL,Lacoste,BIO INJ-G820,LACOSTE,True,ACETATE,214,HAVANA,CHINA ONLY,"97,50","77,00",L6044S,,"195,00",GEOMETRICAL COLOR BLOCK,SQUARE,,tortoise,shiny,0
187,Sun,4,"170,00",LACOSTE - SEP 2024,E8917A1,F,FULL RIM,SUN,54-20-145,GLOBAL,Lacoste,BIO INJ-G820,LACOSTE,True,ACETATE,272,HAVANA BEIGE,CHINA ONLY,"97,50","77,00",L6044S,,"195,00",GEOMETRICAL COLOR BLOCK,SQUARE,,tortoise,shiny,0
188,Sun,4,"170,00",LACOSTE - SEP 2024,E8917A1,F,FULL RIM,SUN,54-20-145,GLOBAL,Lacoste,BIO INJ-G820,LACOSTE,True,ACETATE,410,BLUE,CHINA ONLY,"97,50","77,00",L6044S,,"195,00",GEOMETRICAL COLOR BLOCK,SQUARE,,blue,shiny,0
189,Sun,4,"175,00",LACOSTE - SEP 2024,E8918B1,M,FULL RIM,SUN,54-19-145,GLOBAL,Lacoste,ACETATE,LACOSTE,True,ACETATE,1,BLACK,CHINA ONLY,"99,50","79,00",L6045S,,"200,00",THE LINE,MODIFIED RECTANGLE,,black,shiny,0
190,Sun,4,"175,00",LACOSTE - SEP 2024,E8918B1,M,FULL RIM,SUN,54-19-145,GLOBAL,Lacoste,ACETATE,LACOSTE,True,ACETATE,218,HAVANA BLONDE,CHINA ONLY,"99,50","79,00",L6045S,,"200,00",THE LINE,MODIFIED RECTANGLE,,tortoise,shiny,0
191,Sun,4,"175,00",LACOSTE - SEP 2024,E8918B1,M,FULL RIM,SUN,54-19-145,GLOBAL,Lacoste,ACETATE,LACOSTE,True,ACETATE,230,DARK HAVANA,CHINA ONLY,"99,50","79,00",L6045S,,"200,00",THE LINE,MODIFIED RECTANGLE,,tortoise,shiny,0
192,Sun,4,"175,00",LACOSTE - SEP 2024,E8918B1,M,FULL RIM,SUN,54-19-145,GLOBAL,Lacoste,ACETATE,LACOSTE,True,ACETATE,410,TRANSPARENT BLUE,CHINA ONLY,"99,50","79,00",L6045S,,"200,00",THE LINE,MODIFIED RECTANGLE,,crystal,shiny,0
193,Sun,4,"175,00",LACOSTE - SEP 2024,E8918C1,M,FULL RIM,SUN,52-20-145,GLOBAL,Lacoste,ACETATE,LACOSTE,True,ACETATE,6,BLACK/HAVANA,CHINA ONLY,"99,50","79,00",L6046S,POTENTIAL ADV STYLE,"200,00",THE LINE,MODIFIED RECTANGLE,,black,shiny,1
194,Sun,4,"175,00",LACOSTE - SEP 2024,E8918C1,M,FULL RIM,SUN,52-20-145,GLOBAL,Lacoste,ACETATE,LACOSTE,True,ACETATE,210,STRIPED BROWN,CHINA ONLY,"99,50","79,00",L6046S,POTENTIAL ADV STYLE,"200,00",THE LINE,MODIFIED RECTANGLE,ADV SKU,brown,shiny,0
195,Sun,4,"175,00",LACOSTE - SEP 2024,E8918C1,M,FULL RIM,SUN,52-20-145,GLOBAL,Lacoste,ACETATE,LACOSTE,True,ACETATE,230,DARK HAVANA,CHINA ONLY,"99,50","79,00",L6046S,POTENTIAL ADV STYLE,"200,00",THE LINE,MODIFIED RECTANGLE,,tortoise,shiny,0
196,Sun,4,"175,00",LACOSTE - SEP 2024,E8918C1,M,FULL RIM,SUN,52-20-145,GLOBAL,Lacoste,ACETATE,LACOSTE,True,ACETATE,264,SAND/HAVANA,CHINA ONLY,"99,50","79,00",L6046S,POTENTIAL ADV STYLE,"200,00",THE LINE,MODIFIED RECTANGLE,,beige,shiny,1
197,Sun,4,"175,00",LACOSTE - SEP 2024,E8918C1,M,FULL RIM,SUN,52-20-145,GLOBAL,Lacoste,ACETATE,LACOSTE,True,ACETATE,275,STRIPED KHAKI,CHINA ONLY,"99,50","79,00",L6046S,POTENTIAL ADV STYLE,"200,00",THE LINE,MODIFIED RECTANGLE,,beige,shiny,0
198,Sun,4,"150,00",LACOSTE - SEP 2024,E8925A2,F,FULL RIM,SUN,54-19-145,GLOBAL,Lacoste,REC ACETATE-RENEW,LACOSTE,True,BIO INJ-G820,1,BLACK,CHINA ONLY,"84,50","67,50",L6047S,POTENTIAL ADV STYLE,"170,00",MONOGRAM,MODIFIED RECTANGLE,,black,shiny,0
199,Sun,4,"150,00",LACOSTE - SEP 2024,E8925A2,F,FULL RIM,SUN,54-19-145,GLOBAL,Lacoste,REC ACETATE-RENEW,LACOSTE,True,BIO INJ-G820,214,HAVANA,CHINA ONLY,"84,50","67,50",L6047S,POTENTIAL ADV STYLE,"170,00",MONOGRAM,MODIFIED RECTANGLE,,tortoise,shiny,0
200,Sun,4,"150,00",LACOSTE - SEP 2024,E8925A2,F,FULL RIM,SUN,54-19-145,GLOBAL,Lacoste,REC ACETATE-RENEW,LACOSTE,True,BIO INJ-G820,264,SAND,CHINA ONLY,"84,50","67,50",L6047S,POTENTIAL ADV STYLE,"170,00",MONOGRAM,MODIFIED RECTANGLE,ADV SKU,beige,shiny,0
201,Sun,4,"150,00",LACOSTE - SEP 2024,E8925A2,F,FULL RIM,SUN,54-19-145,GLOBAL,Lacoste,REC ACETATE-RENEW,LACOSTE,True,BIO INJ-G820,601,BURGUNDY,CHINA ONLY,"84,50","67,50",L6047S,POTENTIAL ADV STYLE,"170,00",MONOGRAM,MODIFIED RECTANGLE,,red,shiny,0
202,Sun,4,"140,00",LACOSTE - SEP 2024,E8690E1,U,FULL RIM,SUN,51-20-145,GLOBAL,Lacoste,BIO INJ-G820,LACOSTE,True,BIO INJ-G820,35,GREY,CHINA ONLY,"82,50","64,50",L6048S,,"165,00",L.12.12 TRIM,OVAL,,grey,shiny,0
203,Sun,4,"140,00",LACOSTE - SEP 2024,E8690E1,U,FULL RIM,SUN,51-20-145,GLOBAL,Lacoste,BIO INJ-G820,LACOSTE,True,BIO INJ-G820,38,LIGHT GREY,CHINA ONLY,"82,50","64,50",L6048S,,"165,00",L.12.12 TRIM,OVAL,,grey,shiny,0
204,Sun,4,"140,00",LACOSTE - SEP 2024,E8690E1,U,FULL RIM,SUN,51-20-145,GLOBAL,Lacoste,BIO INJ-G820,LACOSTE,True,BIO INJ-G820,210,BROWN,CHINA ONLY,"82,50","64,50",L6048S,,"165,00",L.12.12 TRIM,OVAL,,brown,shiny,0
205,Sun,4,"140,00",LACOSTE - SEP 2024,E8690E1,U,FULL RIM,SUN,51-20-145,GLOBAL,Lacoste,BIO INJ-G820,LACOSTE,True,BIO INJ-G820,275,KHAKI,CHINA ONLY,"82,50","64,50",L6048S,,"165,00",L.12.12 TRIM,OVAL,,beige,shiny,0
206,Sun,4,"140,00",LACOSTE - SEP 2024,E8690E1,U,FULL RIM,SUN,51-20-145,GLOBAL,Lacoste,BIO INJ-G820,LACOSTE,True,BIO INJ-G820,800,ORANGE,CHINA ONLY,"82,50","64,50",L6048S,,"165,00",L.12.12 TRIM,OVAL,,orange,shiny,0
207,Optical,4,222.75000000000003,NIKE - SEP 2024,PNRX-2402B,M,FULL RIM,Optical,56-17-145,GLOBAL,Nike,TITANIUM,NIKE,True,INJ-SILICONE,1,MATTE BLACK,CHINA ONLY,112.0,82.5,NK6066,,302.40000000000003,NK LIFESTYLE ELITE,SQUARE,,black,matte,0
208,Optical,4,222.75000000000003,NIKE - SEP 2024,PNRX-2402B,M,FULL RIM,Optical,56-17-145,GLOBAL,Nike,TITANIUM,NIKE,True,INJ-SILICONE,45,SATIN SILVER,CHINA ONLY,112.0,82.5,NK6066,,302.40000000000003,NK LIFESTYLE ELITE,SQUARE,,silver,satin,0
209,Optical,4,222.75000000000003,NIKE - SEP 2024,PNRX-2402B,M,FULL RIM,Optical,56-17-145,GLOBAL,Nike,TITANIUM,NIKE,True,INJ-SILICONE,70,SATIN GUNMETAL,CHINA ONLY,112.0,82.5,NK6066,,302.40000000000003,NK LIFESTYLE ELITE,SQUARE,,grey,satin,0
210,Optical,4,222.75000000000003,NIKE - SEP 2024,PNRX-2402B,M,FULL RIM,Optical,56-17-145,GLOBAL,Nike,TITANIUM,NIKE,True,INJ-SILICONE,411,MATTE OBSIDIAN/SILVER,CHINA ONLY,112.0,82.5,NK6066,,302.40000000000003,NK LIFESTYLE ELITE,SQUARE,,black,matte,1
211,Optical,4,222.75000000000003,NIKE - SEP 2024,PNRX-2402C,M,FULL RIM,Optical,55-16-145,GLOBAL,Nike,TITANIUM,NIKE,True,INJ-SILICONE,4,MATTE BLACK/ASTRONOMY BLUE,CHINA ONLY,112.0,82.5,NK6067,,302.40000000000003,NK LIFESTYLE ELITE,MODIFIED RECTANGLE,,black,matte,1
212,Optical,4,222.75000000000003,NIKE - SEP 2024,PNRX-2402C,M,FULL RIM,Optical,55-16-145,GLOBAL,Nike,TITANIUM,NIKE,True,INJ-SILICONE,45,SATIN SILVER/TOTAL ORANGE,CHINA ONLY,112.0,82.5,NK6067,,302.40000000000003,NK LIFESTYLE ELITE,MODIFIED RECTANGLE,,silver,satin,1
213,Optical,4,222.75000000000003,NIKE - SEP 2024,PNRX-2402C,M,FULL RIM,Optical,55-16-145,GLOBAL,Nike,TITANIUM,NIKE,True,INJ-SILICONE,70,SATIN GUNMETAL/DARK SMOKE GREY,CHINA ONLY,112.0,82.5,NK6067,,302.40000000000003,NK LIFESTYLE ELITE,MODIFIED RECTANGLE,,grey,satin,1
214,Optical,4,222.75000000000003,NIKE - SEP 2024,PNRX-2402C,M,FULL RIM,Optical,55-16-145,GLOBAL,Nike,TITANIUM,NIKE,True,INJ-SILICONE,76,SATIN GUNMETAL/UNIVERSITY RED,CHINA ONLY,112.0,82.5,NK6067,,302.40000000000003,NK LIFESTYLE ELITE,MODIFIED RECTANGLE,,grey,satin,1
215,Optical,4,182.25,NIKE - SEP 2024,PNRX-2437,F,FULL RIM,Optical,53-17-140,GLOBAL,Nike,REC ACETATE-RENEW,NIKE,True,REC ACETATE-RENEW,10,BLACK/CLEAR GRADIENT,CHINA ONLY,91.5,67.5,NK7177,MOVE TO ZERO SHAPE ADD ,247.05,NK LIFESTYLE STATEMENT,MODIFIED RECTANGLE,,black,shiny,1
216,Optical,4,182.25,NIKE - SEP 2024,PNRX-2437,F,FULL RIM,Optical,53-17-140,GLOBAL,Nike,REC ACETATE-RENEW,NIKE,True,REC ACETATE-RENEW,25,GREY/LILAC GRADIENT,CHINA ONLY,91.5,67.5,NK7177,MOVE TO ZERO SHAPE ADD ,247.05,NK LIFESTYLE STATEMENT,MODIFIED RECTANGLE,,grey,shiny,1
217,Optical,4,182.25,NIKE - SEP 2024,PNRX-2437,F,FULL RIM,Optical,53-17-140,GLOBAL,Nike,REC ACETATE-RENEW,NIKE,True,REC ACETATE-RENEW,277,CACAO/PINK FOAM GRADIENT,CHINA ONLY,91.5,67.5,NK7177,MOVE TO ZERO SHAPE ADD ,247.05,NK LIFESTYLE STATEMENT,MODIFIED RECTANGLE,,brown,shiny,1
218,Optical,4,182.25,NIKE - SEP 2024,PNRX-2437,F,FULL RIM,Optical,53-17-140,GLOBAL,Nike,REC ACETATE-RENEW,NIKE,True,REC ACETATE-RENEW,407,BLUE/PEACH GRADIENT,CHINA ONLY,91.5,67.5,NK7177,MOVE TO ZERO SHAPE ADD ,247.05,NK LIFESTYLE STATEMENT,MODIFIED RECTANGLE,ad image,blue,shiny,1
219,Optical,4,160.65,NIKE - SEP 2024,PNRX-2438C,M,FULL RIM,Optical,53-18-145,GLOBAL,Nike,BIO INJ-G850,NIKE,True,BIO INJ-G850,1,BLACK,CHINA ONLY,81.0,59.5,NK7277,LIVE FREE SHAPE ADD,218.70000000000002,NK LIFESTYLE ESSENTIALS,MODIFIED RECTANGLE,,black,shiny,0
220,Optical,4,160.65,NIKE - SEP 2024,PNRX-2438C,M,FULL RIM,Optical,53-18-145,GLOBAL,Nike,BIO INJ-G850,NIKE,True,BIO INJ-G850,34,SMOKE GREY,CHINA ONLY,81.0,59.5,NK7277,LIVE FREE SHAPE ADD,218.70000000000002,NK LIFESTYLE ESSENTIALS,MODIFIED RECTANGLE,,grey,shiny,0
221,Optical,4,160.65,NIKE - SEP 2024,PNRX-2438C,M,FULL RIM,Optical,53-18-145,GLOBAL,Nike,BIO INJ-G850,NIKE,True,BIO INJ-G850,301,VINTAGE GREEN,CHINA ONLY,81.0,59.5,NK7277,LIVE FREE SHAPE ADD,218.70000000000002,NK LIFESTYLE ESSENTIALS,MODIFIED RECTANGLE,,green,shiny,0
222,Optical,4,160.65,NIKE - SEP 2024,PNRX-2438C,M,FULL RIM,Optical,53-18-145,GLOBAL,Nike,BIO INJ-G850,NIKE,True,BIO INJ-G850,412,ARMORY NAVY,CHINA ONLY,81.0,59.5,NK7277,LIVE FREE SHAPE ADD,218.70000000000002,NK LIFESTYLE ESSENTIALS,MODIFIED RECTANGLE,,grey,shiny,0
223,Optical,4,160.65,NIKE - SEP 2024,PNRX-2438E,M,FULL RIM,Optical,55-18-145,GLOBAL,Nike,BIO INJ-G850,NIKE,True,BIO INJ-G850,1,BLACK,CHINA ONLY,81.0,59.5,NK7278,LIVE FREE SHAPE ADD,218.70000000000002,NK LIFESTYLE ESSENTIALS,MODIFIED RECTANGLE,,black,shiny,0
224,Optical,4,160.65,NIKE - SEP 2024,PNRX-2438E,M,FULL RIM,Optical,55-18-145,GLOBAL,Nike,BIO INJ-G850,NIKE,True,BIO INJ-G850,34,SMOKE GREY,CHINA ONLY,81.0,59.5,NK7278,LIVE FREE SHAPE ADD,218.70000000000002,NK LIFESTYLE ESSENTIALS,MODIFIED RECTANGLE,,grey,shiny,0
225,Optical,4,160.65,NIKE - SEP 2024,PNRX-2438E,M,FULL RIM,Optical,55-18-145,GLOBAL,Nike,BIO INJ-G850,NIKE,True,BIO INJ-G850,411,OBSIDIAN,CHINA ONLY,81.0,59.5,NK7278,LIVE FREE SHAPE ADD,218.70000000000002,NK LIFESTYLE ESSENTIALS,MODIFIED RECTANGLE,,black,shiny,0
226,Optical,4,160.65,NIKE - SEP 2024,PNRX-2438E,M,FULL RIM,Optical,55-18-145,GLOBAL,Nike,BIO INJ-G850,NIKE,True,BIO INJ-G850,903,CLEAR,CHINA ONLY,81.0,59.5,NK7278,LIVE FREE SHAPE ADD,218.70000000000002,NK LIFESTYLE ESSENTIALS,MODIFIED RECTANGLE,,crystal,shiny,0
227,Optical,4,126.9,NIKE - SEP 2024,PNRX-2403D,M,FULL RIM,Optical,56-14-145,GLOBAL,Nike,BIO INJ-G850,NIKE,True,BIO INJ-G850,6,MATTE BLACK/UNIVERSITY RED,CHINA ONLY,65.0,47.0,NK7291,INSPIRED BY NIKE RABID 22,175.5,NK PERFORMANCE ESSENTIALS,MODIFIED RECTANGLE,,black,matte,1
228,Optical,4,126.9,NIKE - SEP 2024,PNRX-2403D,M,FULL RIM,Optical,56-14-145,GLOBAL,Nike,BIO INJ-G850,NIKE,True,BIO INJ-G850,34,MATTE SMOKE GREY/TOTAL ORANGE,CHINA ONLY,65.0,47.0,NK7291,INSPIRED BY NIKE RABID 22,175.5,NK PERFORMANCE ESSENTIALS,MODIFIED RECTANGLE,,grey,matte,1
229,Optical,4,126.9,NIKE - SEP 2024,PNRX-2403D,M,FULL RIM,Optical,56-14-145,GLOBAL,Nike,BIO INJ-G850,NIKE,True,BIO INJ-G850,51,MATTE LIGHT SILVER/STAD GREEN,CHINA ONLY,65.0,47.0,NK7291,INSPIRED BY NIKE RABID 22,175.5,NK PERFORMANCE ESSENTIALS,MODIFIED RECTANGLE,,silver,matte,1
230,Optical,4,126.9,NIKE - SEP 2024,PNRX-2403D,M,FULL RIM,Optical,56-14-145,GLOBAL,Nike,BIO INJ-G850,NIKE,True,BIO INJ-G850,431,MATTE ASTRONOMY BLUE/OBSIDIAN,CHINA ONLY,65.0,47.0,NK7291,INSPIRED BY NIKE RABID 22,175.5,NK PERFORMANCE ESSENTIALS,MODIFIED RECTANGLE,,grey,matte,1
231,Optical,4,126.9,NIKE - SEP 2024,PNRX-2403F,M,FULL RIM,Optical,54-16-145,GLOBAL,Nike,BIO INJ-G850,NIKE,True,BIO INJ-G850,1,MATTE BLACK/SMOKE GREY,CHINA ONLY,65.0,47.0,NK7292,INSPIRED BY NIKE RABID 22,175.5,NK PERFORMANCE ESSENTIALS,MODIFIED RECTANGLE,,black,matte,1
232,Optical,4,126.9,NIKE - SEP 2024,PNRX-2403F,M,FULL RIM,Optical,54-16-145,GLOBAL,Nike,BIO INJ-G850,NIKE,True,BIO INJ-G850,34,MATTE SMOKE GREY/CYBER,CHINA ONLY,65.0,47.0,NK7292,INSPIRED BY NIKE RABID 22,175.5,NK PERFORMANCE ESSENTIALS,MODIFIED RECTANGLE,,grey,matte,1
233,Optical,4,126.9,NIKE - SEP 2024,PNRX-2403F,M,FULL RIM,Optical,54-16-145,GLOBAL,Nike,BIO INJ-G850,NIKE,True,BIO INJ-G850,301,MATTE VINTAGE GREEN/BICOASTAL,CHINA ONLY,65.0,47.0,NK7292,INSPIRED BY NIKE RABID 22,175.5,NK PERFORMANCE ESSENTIALS,MODIFIED RECTANGLE,,green,matte,1
234,Optical,4,126.9,NIKE - SEP 2024,PNRX-2403F,M,FULL RIM,Optical,54-16-145,GLOBAL,Nike,BIO INJ-G850,NIKE,True,BIO INJ-G850,411,MATTE OBSIDIAN/ASTRONOMY BLUE,CHINA ONLY,65.0,47.0,NK7292,INSPIRED BY NIKE RABID 22,175.5,NK PERFORMANCE ESSENTIALS,MODIFIED RECTANGLE,,black,matte,1
235,Optical,4,140.4,NIKE - SEP 2024,PNRX-2404A,M,FULL RIM,Optical,56-12-145,GLOBAL,Nike,METAL,NIKE,True,BIO INJ-G850,1,MATTE BLACK/SMOKE GREY,CHINA ONLY,69.0,52.0,NK8157,INSPIRED BY NIKE RABID 22,186.3,NK PERFORMANCE STATEMENT,MODIFIED RECTANGLE,,black,matte,1
236,Optical,4,140.4,NIKE - SEP 2024,PNRX-2404A,M,FULL RIM,Optical,56-12-145,GLOBAL,Nike,METAL,NIKE,True,BIO INJ-G850,39,MATTE SMOKE GREY/TOTAL ORANGE,CHINA ONLY,69.0,52.0,NK8157,INSPIRED BY NIKE RABID 22,186.3,NK PERFORMANCE STATEMENT,MODIFIED RECTANGLE,,grey,matte,1
237,Optical,4,140.4,NIKE - SEP 2024,PNRX-2404A,M,FULL RIM,Optical,56-12-145,GLOBAL,Nike,METAL,NIKE,True,BIO INJ-G850,70,SATIN GUNMETAL/STADIUM GREEN,CHINA ONLY,69.0,52.0,NK8157,INSPIRED BY NIKE RABID 22,186.3,NK PERFORMANCE STATEMENT,MODIFIED RECTANGLE,,grey,satin,1
238,Optical,4,140.4,NIKE - SEP 2024,PNRX-2404A,M,FULL RIM,Optical,56-12-145,GLOBAL,Nike,METAL,NIKE,True,BIO INJ-G850,412,MATTE ARMORY NAVY/ASHEN SLATE,CHINA ONLY,69.0,52.0,NK8157,INSPIRED BY NIKE RABID 22,186.3,NK PERFORMANCE STATEMENT,MODIFIED RECTANGLE,ad image,grey,matte,1
239,Optical,4,191.70000000000002,NIKE - SEP 2024,PNRX-2405B,M,FULL RIM,Optical,56-18-145,GLOBAL,Nike,BIO INJ-G850,NIKE,True,CO-INJECTION,1,MATTE BLACK/SMOKE GREY ,CHINA ONLY,97.5,71.0,NK7405,,263.25,NK PERFORMANCE STATEMENT,MODIFIED RECTANGLE,,black,matte,1
240,Optical,4,191.70000000000002,NIKE - SEP 2024,PNRX-2405B,M,FULL RIM,Optical,56-18-145,GLOBAL,Nike,BIO INJ-G850,NIKE,True,CO-INJECTION,34,MATTE SMOKE GREY ,CHINA ONLY,97.5,71.0,NK7405,,263.25,NK PERFORMANCE STATEMENT,MODIFIED RECTANGLE,,grey,matte,0
241,Optical,4,191.70000000000002,NIKE - SEP 2024,PNRX-2405B,M,FULL RIM,Optical,56-18-145,GLOBAL,Nike,BIO INJ-G850,NIKE,True,CO-INJECTION,301,MATTE VINTAGE GREEN,CHINA ONLY,97.5,71.0,NK7405,,263.25,NK PERFORMANCE STATEMENT,MODIFIED RECTANGLE,,green,matte,0
242,Optical,4,191.70000000000002,NIKE - SEP 2024,PNRX-2405B,M,FULL RIM,Optical,56-18-145,GLOBAL,Nike,BIO INJ-G850,NIKE,True,CO-INJECTION,411,MATTE OBSIDIAN,CHINA ONLY,97.5,71.0,NK7405,,263.25,NK PERFORMANCE STATEMENT,MODIFIED RECTANGLE,,black,matte,0
243,Optical,4,210.60000000000002,NIKE - SEP 2024,PNRX-2460B,F,FULL RIM,Optical,55-15-145,GLOBAL,Nike,METAL,NIKE,True,METAL,1,MATTE BLACK,CHINA ONLY,105.0,78.0,NK8214,,283.5,NK STREETWEAR STATEMENT,SQUARE,,black,matte,0
244,Optical,4,210.60000000000002,NIKE - SEP 2024,PNRX-2460B,F,FULL RIM,Optical,55-15-145,GLOBAL,Nike,METAL,NIKE,True,METAL,320,MATTE GREEN FROST,CHINA ONLY,105.0,78.0,NK8214,,283.5,NK STREETWEAR STATEMENT,SQUARE,,grey,matte,0
245,Optical,4,210.60000000000002,NIKE - SEP 2024,PNRX-2460B,F,FULL RIM,Optical,55-15-145,GLOBAL,Nike,METAL,NIKE,True,METAL,671,MATTE ASTER PINK,CHINA ONLY,105.0,78.0,NK8214,,283.5,NK STREETWEAR STATEMENT,SQUARE,,grey,matte,0
246,Optical,4,210.60000000000002,NIKE - SEP 2024,PNRX-2460B,F,FULL RIM,Optical,55-15-145,GLOBAL,Nike,METAL,NIKE,True,METAL,780,SHINY ROSE GOLD,CHINA ONLY,105.0,78.0,NK8214,,"267,30",NK STREETWEAR STATEMENT,SQUARE,ad image,gold,shiny,0
247,Optical,4,210.60000000000002,NIKE - SEP 2024,PNRX-2460C,M,FULL RIM,Optical,56-13-145,GLOBAL,Nike,METAL,NIKE,True,METAL,1,MATTE BLACK,CHINA ONLY,105.0,78.0,NK8215,,"267,30",NK STREETWEAR STATEMENT,NAVIGATOR,,black,matte,0
248,Optical,4,210.60000000000002,NIKE - SEP 2024,PNRX-2460C,M,FULL RIM,Optical,56-13-145,GLOBAL,Nike,METAL,NIKE,True,METAL,45,SATIN SILVER,CHINA ONLY,105.0,78.0,NK8215,,"267,30",NK STREETWEAR STATEMENT,NAVIGATOR,ad image,silver,satin,0
249,Optical,4,210.60000000000002,NIKE - SEP 2024,PNRX-2460C,M,FULL RIM,Optical,56-13-145,GLOBAL,Nike,METAL,NIKE,True,METAL,431,MATTE ASTRONOMY BLUE,CHINA ONLY,105.0,78.0,NK8215,,"267,30",NK STREETWEAR STATEMENT,NAVIGATOR,,grey,matte,0
250,Optical,4,210.60000000000002,NIKE - SEP 2024,PNRX-2460C,M,FULL RIM,Optical,56-13-145,GLOBAL,Nike,METAL,NIKE,True,METAL,731,MATTE CYBER,CHINA ONLY,105.0,78.0,NK8215,,"267,30",NK STREETWEAR STATEMENT,NAVIGATOR,,yellow,matte,0
251,Optical,4,197.10000000000002,NIKE - SEP 2024,PNRX-2436D,M,FULL RIM,Optical,51-18-145,GLOBAL,Nike,REC METAL-STAINLESS,NIKE,True,REC ACETATE-RENEW,1,MATTE BLACK,CHINA ONLY,99.0,73.0,NK8400,MOVE TO ZERO,"283,50",NK LIFESTYLE STATEMENT,ROUND,,black,matte,0
252,Optical,4,197.10000000000002,NIKE - SEP 2024,PNRX-2436D,M,FULL RIM,Optical,51-18-145,GLOBAL,Nike,REC METAL-STAINLESS,NIKE,True,REC ACETATE-RENEW,45,SATIN SILVER/GREY,CHINA ONLY,99.0,73.0,NK8400,MOVE TO ZERO,"283,50",NK LIFESTYLE STATEMENT,ROUND,,silver,satin,1
253,Optical,4,197.10000000000002,NIKE - SEP 2024,PNRX-2436D,M,FULL RIM,Optical,51-18-145,GLOBAL,Nike,REC METAL-STAINLESS,NIKE,True,REC ACETATE-RENEW,74,SATIN GUNMETAL/ASHEN SLATE,CHINA ONLY,99.0,73.0,NK8400,MOVE TO ZERO,"283,50",NK LIFESTYLE STATEMENT,ROUND,,grey,satin,1
254,Optical,4,197.10000000000002,NIKE - SEP 2024,PNRX-2436D,M,FULL RIM,Optical,51-18-145,GLOBAL,Nike,REC METAL-STAINLESS,NIKE,True,REC ACETATE-RENEW,717,SATIN GOLD/ARMORY NAVY,CHINA ONLY,99.0,73.0,NK8400,MOVE TO ZERO,"283,50",NK LIFESTYLE STATEMENT,ROUND,,grey,satin,1
255,Optical,4,197.10000000000002,NIKE - SEP 2024,PNRX-2436F,F,FULL RIM,Optical,53-16-140,GLOBAL,Nike,REC METAL-STAINLESS,NIKE,True,REC ACETATE-RENEW,45,SHINY SILVER/BLUE,CHINA ONLY,99.0,73.0,NK8401,MOVE TO ZERO,"283,50",NK LIFESTYLE STATEMENT,SQUARE,,silver,shiny,1
256,Optical,4,197.10000000000002,NIKE - SEP 2024,PNRX-2436F,F,FULL RIM,Optical,53-16-140,GLOBAL,Nike,REC METAL-STAINLESS,NIKE,True,REC ACETATE-RENEW,717,SHINY GOLD/BLACK,CHINA ONLY,99.0,73.0,NK8401,MOVE TO ZERO,"283,50",NK LIFESTYLE STATEMENT,SQUARE,,gold,shiny,1
257,Optical,4,197.10000000000002,NIKE - SEP 2024,PNRX-2436F,F,FULL RIM,Optical,53-16-140,GLOBAL,Nike,REC METAL-STAINLESS,NIKE,True,REC ACETATE-RENEW,780,SHINY ROSE GOLD/BERRY,CHINA ONLY,99.0,73.0,NK8401,MOVE TO ZERO,"283,50",NK LIFESTYLE STATEMENT,SQUARE,,gold,shiny,1
258,Optical,4,197.10000000000002,NIKE - SEP 2024,PNRX-2439C,U,FULL RIM,Optical,50-19-145,GLOBAL,Nike,REC METAL-STAINLESS,NIKE,True,REC ACETATE-RENEW,1,BLACK,CHINA ONLY,99.0,73.0,NK8402,MOVE TO ZERO,"283,50",NK LIFESTYLE STATEMENT,ROUND,ad image,black,shiny,0
259,Optical,4,197.10000000000002,NIKE - SEP 2024,PNRX-2439C,U,FULL RIM,Optical,50-19-145,GLOBAL,Nike,REC METAL-STAINLESS,NIKE,True,REC ACETATE-RENEW,240,SOFT TORTOISE/GUNMETAL,CHINA ONLY,99.0,73.0,NK8402,MOVE TO ZERO,"283,50",NK LIFESTYLE STATEMENT,ROUND,,tortoise,shiny,1
260,Optical,4,197.10000000000002,NIKE - SEP 2024,PNRX-2439C,U,FULL RIM,Optical,50-19-145,GLOBAL,Nike,REC METAL-STAINLESS,NIKE,True,REC ACETATE-RENEW,458,ASHEN SLATE /GUNMETAL,CHINA ONLY,99.0,73.0,NK8402,MOVE TO ZERO,"283,50",NK LIFESTYLE STATEMENT,ROUND,ad image,other,shiny,1
261,Optical,4,197.10000000000002,NIKE - SEP 2024,PNRX-2439C,U,FULL RIM,Optical,50-19-145,GLOBAL,Nike,REC METAL-STAINLESS,NIKE,True,REC ACETATE-RENEW,605,BURGUNDY/SILVER,CHINA ONLY,99.0,73.0,NK8402,MOVE TO ZERO,"283,50",NK LIFESTYLE STATEMENT,ROUND,,red,shiny,1
262,Sun,6,174.9,NIKE - SEP 2024,PNS-2435C (Ace Driver Shape Add),M,FULL RIM,Sun,59-18-145,GLOBAL,Nike,TITANIUM,NIKE,True,TITANIUM,907,SATIN GUNMETAL / GREEN,CHINA ONLY,99.5,79.5,NKEV24041,SHAPE ADD,199,NK LIFESTYLE ELITE,AVIATOR,,grey,satin,1
263,Sun,6,174.9,NIKE - SEP 2024,PNS-2435C (Ace Driver Shape Add),M,FULL RIM,Sun,59-18-145,GLOBAL,Nike,TITANIUM,NIKE,True,TITANIUM,10,MATTE BLACK/GREY,CHINA ONLY,99.5,79.5,NKEV24041,SHAPE ADD,199,NK LIFESTYLE ELITE,AVIATOR,,black,matte,1
264,Sun,6,191.4,NIKE - SEP 2024,PNS-2435C (Ace Driver Shape Add),M,FULL RIM,Sun,59-18-145,GLOBAL,Nike,TITANIUM,NIKE,True,TITANIUM,993,SATIN GUNMETAL / POLAR LITE BLUE,CHINA ONLY,109.5,87.0,NKEV24043,SHAPE ADD,219,NK LIFESTYLE ELITE,AVIATOR,,grey,satin,1
265,Sun,6,191.4,NIKE - SEP 2024,PNS-2435C (Ace Driver Shape Add),M,FULL RIM,Sun,59-18-145,GLOBAL,Nike,NIKE ACE DRIVER I E EV24042,NIKE,True,TITANIUM,902,SATIN SILVER/COURSE TINT,CHINA ONLY,104.5,87.0,NKEV24042,SHAPE ADD,209,NK LIFESTYLE ELITE,AVIATOR,,silver,satin,1
266,Sun,8,104.50000000000001,NIKE - SEP 2024,PNS-2408A (Cloak Adult),M,SEMI-RIMLESS,Sun,71-09-130,GLOBAL,Nike,BIO INJ-G850,NIKE,True,BIO INJ-G850,410,MATTE OBSIDIAN / BLUE MIRROR,CHINA ONLY,59.5,47.5,NKEV24036,,119,NK PERFORMANCE STATEMENT,MODIFIED RECTANGLE,,black,matte,1
267,Sun,8,104.50000000000001,NIKE - SEP 2024,PNS-2408A (Cloak Adult),M,SEMI-RIMLESS,Sun,71-09-130,GLOBAL,Nike,BIO INJ-G850,NIKE,True,BIO INJ-G850,10,MATTE BLACK/GREY,CHINA ONLY,59.5,47.5,NKEV24036,,119,NK PERFORMANCE STATEMENT,MODIFIED RECTANGLE,,black,matte,1
268,Sun,8,104.50000000000001,NIKE - SEP 2024,PNS-2408A (Cloak Adult),M,SEMI-RIMLESS,Sun,71-09-130,GLOBAL,Nike,BIO INJ-G850,NIKE,True,BIO INJ-G850,907,MATTE LIGHT SILVER / GREEN MIR,CHINA ONLY,59.5,47.5,NKEV24036,,119,NK PERFORMANCE STATEMENT,MODIFIED RECTANGLE,,silver,matte,1
269,Sun,8,104.50000000000001,NIKE - SEP 2024,PNS-2408A (Cloak Adult),M,SEMI-RIMLESS,Sun,71-09-130,GLOBAL,Nike,BIO INJ-G850,NIKE,True,BIO INJ-G850,12,MATTE BLACK / FIELD TINT,CHINA ONLY,64.5,47.5,NKEV24037,,129,NK PERFORMANCE STATEMENT,MODIFIED RECTANGLE,,black,matte,1
270,Sun,8,130.9,NIKE - SEP 2024,PNS-2408A (Cloak Adult),M,SEMI-RIMLESS,Sun,71-09-130,GLOBAL,Nike,BIO INJ-G850,NIKE,True,BIO INJ-G850,223,MATTE MEDIUM OLIVE / TERRAIN,CHINA ONLY,64.5,59.5,NKEV24037,,129,NK PERFORMANCE STATEMENT,MODIFIED RECTANGLE,,blue,matte,1
271,Sun,6,144.10000000000002,NIKE - SEP 2024,PNS-2405B (Women's Golf),F,SEMI-RIMLESS,Sun,54-18-140,GLOBAL,Nike,BIO INJ-G850,NIKE,True,INJ-SILICONE,10,BLACK / GREY,CHINA ONLY,79.5,65.5,NKEV24038,,159,NK LIFESTYLE STATEMENT,ROUND,,black,shiny,1
272,Sun,6,144.10000000000002,NIKE - SEP 2024,PNS-2405B (Women's Golf),F,SEMI-RIMLESS,Sun,54-18-140,GLOBAL,Nike,BIO INJ-G850,NIKE,True,INJ-SILICONE,12,BLACK / INFRARED MIRROR,CHINA ONLY,79.5,65.5,NKEV24038,,159,NK LIFESTYLE STATEMENT,ROUND,,black,shiny,1
273,Sun,6,147.4,NIKE - SEP 2024,PNS-2405B (Women's Golf),F,SEMI-RIMLESS,Sun,54-18-140,GLOBAL,Nike,BIO INJ-G850,NIKE,True,INJ-SILICONE,101,SUMMIT WHITE / COURSE TINT,CHINA ONLY,84.5,67.0,NKEV24039,,169,NK LIFESTYLE STATEMENT,ROUND,,white,shiny,1
274,Sun,6,156.20000000000002,NIKE - SEP 2024,PNS-2405B (Women's Golf),F,SEMI-RIMLESS,Sun,54-18-140,GLOBAL,Nike,BIO INJ-G850,NIKE,True,INJ-SILICONE,240,TORTOISE / POLAR LITE BROWN,CHINA ONLY,89.5,71.0,NKEV24040,,179,NK LIFESTYLE STATEMENT,ROUND,,tortoise,shiny,1
275,Sun,6,130.9,NIKE - SEP 2024,PNS-2433C (MTZ OG - uni),U,FULL RIM,Sun,49-19-145,GLOBAL,Nike,REC ACETATE-RENEW,NIKE,True,REC ACETATE-RENEW,10,BLACK / GREY,CHINA ONLY,74.5,59.5,NKEV24046,MOVE TO ZERO,149,NK LIFESTYLE STATEMENT,ROUND,,black,shiny,1
276,Sun,6,130.9,NIKE - SEP 2024,PNS-2433C (MTZ OG - uni),U,FULL RIM,Sun,49-19-145,GLOBAL,Nike,REC ACETATE-RENEW,NIKE,True,REC ACETATE-RENEW,243,TORTOISE / GREEN,CHINA ONLY,74.5,59.5,NKEV24046,MOVE TO ZERO,149,NK LIFESTYLE STATEMENT,ROUND,,tortoise,shiny,1
277,Sun,6,130.9,NIKE - SEP 2024,PNS-2433C (MTZ OG - uni),U,FULL RIM,Sun,49-19-145,GLOBAL,Nike,REC ACETATE-RENEW,NIKE,True,REC ACETATE-RENEW,602,DARK PONY GRADIENT / GREEN,CHINA ONLY,74.5,59.5,NKEV24046,MOVE TO ZERO,149,NK LIFESTYLE STATEMENT,ROUND,,grey,shiny,1
278,Sun,6,130.9,NIKE - SEP 2024,PNS-2433C (MTZ OG - uni),U,FULL RIM,Sun,49-19-145,GLOBAL,Nike,REC ACETATE-RENEW,NIKE,True,REC ACETATE-RENEW,725,AMBER GRADIENT / BLUE,CHINA ONLY,74.5,59.5,NKEV24046,MOVE TO ZERO,149,NK LIFESTYLE STATEMENT,ROUND,ad image,gold,shiny,1
279,Sun,6,130.9,NIKE - SEP 2024,PNS-2433A (MTZ OG) - male,M,FULL RIM,Sun,55-19-145,GLOBAL,Nike,REC ACETATE-RENEW,NIKE,True,REC ACETATE-RENEW,10,BLACK / GREY,CHINA ONLY,74.5,59.5,NKEV24045,MOVE TO ZERO,149,NK LIFESTYLE STATEMENT,RECTANGLE,,black,shiny,1
280,Sun,6,130.9,NIKE - SEP 2024,PNS-2433A (MTZ OG) - male,M,FULL RIM,Sun,55-19-145,GLOBAL,Nike,REC ACETATE-RENEW,NIKE,True,REC ACETATE-RENEW,242,TORTOISE / GREY,CHINA ONLY,74.5,59.5,NKEV24045,MOVE TO ZERO,149,NK LIFESTYLE STATEMENT,RECTANGLE,,tortoise,shiny,1
281,Sun,6,130.9,NIKE - SEP 2024,PNS-2433A (MTZ OG) - male,M,FULL RIM,Sun,55-19-145,GLOBAL,Nike,REC ACETATE-RENEW,NIKE,True,REC ACETATE-RENEW,318,BICOASTAL / BLUE,CHINA ONLY,74.5,59.5,NKEV24045,MOVE TO ZERO,149,NK LIFESTYLE STATEMENT,RECTANGLE,ad image,other,shiny,1
282,Sun,6,130.9,NIKE - SEP 2024,PNS-2433A (MTZ OG) - male,M,FULL RIM,Sun,55-19-145,GLOBAL,Nike,REC ACETATE-RENEW,NIKE,True,REC ACETATE-RENEW,900,ASHEN SLATE / SMOKE,CHINA ONLY,74.5,59.5,NKEV24045,MOVE TO ZERO,149,NK LIFESTYLE STATEMENT,RECTANGLE,,other,shiny,1
283,Sun,6,130.9,NIKE - SEP 2024,PNS-2433F (MTZ OG) - Fem,F,FULL RIM,Sun,53-17-140,GLOBAL,Nike,REC ACETATE-RENEW,NIKE,True,REC ACETATE-RENEW,10,BLACK GRADIENT / GREY,CHINA ONLY,74.5,59.5,NKEV24047,MOVE TO ZERO,149,NK LIFESTYLE STATEMENT,SQUARE,ad image,black,shiny,1
284,Sun,6,130.9,NIKE - SEP 2024,PNS-2433F (MTZ OG) - Fem,F,FULL RIM,Sun,53-17-140,GLOBAL,Nike,REC ACETATE-RENEW,NIKE,True,REC ACETATE-RENEW,66,GREY GRADIENT / GREY,CHINA ONLY,74.5,59.5,NKEV24047,MOVE TO ZERO,149,NK LIFESTYLE STATEMENT,SQUARE,ad image,grey,shiny,1
285,Sun,6,130.9,NIKE - SEP 2024,PNS-2433F (MTZ OG) - Fem,F,FULL RIM,Sun,53-17-140,GLOBAL,Nike,REC ACETATE-RENEW,NIKE,True,REC ACETATE-RENEW,410,BLUE GRADIENT / BLUE,CHINA ONLY,74.5,59.5,NKEV24047,MOVE TO ZERO,149,NK LIFESTYLE STATEMENT,SQUARE,,blue,shiny,1
286,Sun,6,130.9,NIKE - SEP 2024,PNS-2433F (MTZ OG) - Fem,F,FULL RIM,Sun,53-17-140,GLOBAL,Nike,REC ACETATE-RENEW,NIKE,True,REC ACETATE-RENEW,601,DARK RUSSET GRADIENT / LILAC,CHINA ONLY,74.5,59.5,NKEV24047,MOVE TO ZERO,149,NK LIFESTYLE STATEMENT,SQUARE,,grey,shiny,1
287,Sun,6 SHIELD,210.10000000000002,NIKE - SEP 2024,PNS-2406C (Flyfree Shape Add),M,SEMI-RIMLESS,Sun,72-05-130,GLOBAL,Nike,BIO INJ-G850,NIKE,False,BIO INJ-G850,907,MAT LT SILVER / GREEN MIROR/ LOW LIGHT VOLT,CHINA ONLY,119.5,95.5,NKEV24033,,239,NK PERFORMANCE ELITE,SHIELD,,silver,shiny,1
288,Sun,6 SHIELD,210.10000000000002,NIKE - SEP 2024,PNS-2406C (Flyfree Shape Add),M,SEMI-RIMLESS,Sun,72-05-130,GLOBAL,Nike,BIO INJ-G850,NIKE,False,BIO INJ-G850,10,MATTE BLACK/GREY/LOW LIGHT ORANGE,CHINA ONLY,119.5,95.5,NKEV24033,,239,NK PERFORMANCE ELITE,SHIELD,,black,matte,1
289,Sun,6 SHIELD,210.10000000000002,NIKE - SEP 2024,PNS-2406C (Flyfree Shape Add),M,SEMI-RIMLESS,Sun,72-05-130,GLOBAL,Nike,BIO INJ-G850,NIKE,False,BIO INJ-G850,65,MAT SMOKE GREY/ROAD ORANGE MIR/ CLEAR,CHINA ONLY,119.5,95.5,NKEV24034,,239,NK PERFORMANCE ELITE,SHIELD,,grey,shiny,1
290,Sun,6 SHIELD,210.10000000000002,NIKE - SEP 2024,PNS-2406C (Flyfree Shape Add),M,SEMI-RIMLESS,Sun,72-05-130,GLOBAL,Nike,BIO INJ-G850,NIKE,False,BIO INJ-G850,902,MAT CLEAR / FIELD TINT / ORANGE,CHINA ONLY,119.5,95.5,NKEV24034,,239,NK PERFORMANCE ELITE,SHIELD,,crystal,shiny,1
291,Sun,6 SHIELD,226.60000000000002,NIKE - SEP 2024,PNS-2406C (Flyfree Shape Add),M,SEMI-RIMLESS,Sun,72-05-130,GLOBAL,Nike,BIO INJ-G850,NIKE,False,BIO INJ-G850,410,MATTE OBSIDIAN/POLAR BLUE MIRROR/ROAD TINT,CHINA ONLY,129.5,103.0,NKEV24035,,259,NK PERFORMANCE ELITE,SHIELD,,black,matte,1
292,Sun,6,86.9,NIKE - SEP 2024,PNS-2434A (Livefree Shape Add),M,FULL RIM,Sun,56-15-140,GLOBAL,Nike,BIO INJ-G850,NIKE,True,CO-INJECTION,10,BLACK / GREY,CHINA ONLY,49.5,39.5,NKEV24044,LIVE FREE SHAPE ADD,99,NK LIFESTYLE ESSENTIALS,RECTANGLE,,black,shiny,1
293,Sun,6,86.9,NIKE - SEP 2024,PNS-2434A (Livefree Shape Add),M,FULL RIM,Sun,56-15-140,GLOBAL,Nike,BIO INJ-G850,NIKE,True,CO-INJECTION,11,MATTE BLACK / CHROME MIRROR,CHINA ONLY,49.5,39.5,NKEV24044,LIVE FREE SHAPE ADD,99,NK LIFESTYLE ESSENTIALS,RECTANGLE,,black,matte,1
294,Sun,6,86.9,NIKE - SEP 2024,PNS-2434A (Livefree Shape Add),M,FULL RIM,Sun,56-15-140,GLOBAL,Nike,BIO INJ-G850,NIKE,True,CO-INJECTION,414,ARMORY NAVY / BLUE,CHINA ONLY,49.5,39.5,NKEV24044,LIVE FREE SHAPE ADD,99,NK LIFESTYLE ESSENTIALS,RECTANGLE,,grey,shiny,1
295,Sun,6,86.9,NIKE - SEP 2024,PNS-2434A (Livefree Shape Add),M,FULL RIM,Sun,56-15-140,GLOBAL,Nike,BIO INJ-G850,NIKE,True,CO-INJECTION,553,DARK RAISIN / PURPLE MIRROR,CHINA ONLY,49.5,39.5,NKEV24044,LIVE FREE SHAPE ADD,99,NK LIFESTYLE ESSENTIALS,RECTANGLE,,grey,shiny,1
296,Sun,4,95.7,NIKE - SEP 2024,PNS-2462C (Street Esntl - Halo Inspired),M,FULL RIM,Sun,53-18-140,GLOBAL,Nike,REC INJ-TRITAN RENEW,NIKE,True,REC INJ-TRITAN RENEW,10,MATTE BLACK / GREY,CHINA ONLY,54.5,43.5,NKEV24051,"RETAIL ONLY 
EMEA RATED 1/USO REATED 1 ",109,NK STREETWEAR ESSENTIALS,MODIFIED RECTANGLE,,black,matte,1
297,Sun,4,95.7,NIKE - SEP 2024,PNS-2462C (Street Esntl - Halo Inspired),M,FULL RIM,Sun,53-18-140,GLOBAL,Nike,REC INJ-TRITAN RENEW,NIKE,True,REC INJ-TRITAN RENEW,601,MAGENTA MIRROR,CHINA ONLY,54.5,43.5,NKEV24051,"RETAIL ONLY 
EMEA RATED 1/USO REATED 1 ",109,NK STREETWEAR ESSENTIALS,MODIFIED RECTANGLE,,pink,shiny,0
298,Sun,4,95.7,NIKE - SEP 2024,PNS-2462C (Street Esntl - Halo Inspired),M,FULL RIM,Sun,53-18-140,GLOBAL,Nike,REC INJ-TRITAN RENEW,NIKE,True,REC INJ-TRITAN RENEW,650,MATTE ASTER PINK / GREEN,CHINA ONLY,54.5,43.5,NKEV24051,"RETAIL ONLY 
EMEA RATED 1/USO REATED 1 ",109,NK STREETWEAR ESSENTIALS,MODIFIED RECTANGLE,,grey,matte,1
299,Sun,4,95.7,NIKE - SEP 2024,PNS-2462C (Street Esntl - Halo Inspired),M,FULL RIM,Sun,53-18-140,GLOBAL,Nike,REC INJ-TRITAN RENEW,NIKE,True,REC INJ-TRITAN RENEW,900,SILVER MIRROR,CHINA ONLY,54.5,43.5,NKEV24051,"RETAIL ONLY 
EMEA RATED 1/USO REATED 1 ",109,NK STREETWEAR ESSENTIALS,MODIFIED RECTANGLE,,silver,shiny,0
300,Sun,6,95.7,NIKE - SEP 2024,PNS-2462A (Street Esntl - Halo Inspired),M,FULL RIM,Sun,56-19-135,GLOBAL,Nike,REC INJ-TRITAN RENEW,NIKE,True,REC INJ-TRITAN RENEW,10,MATTE BLACK / GREY,CHINA ONLY,54.5,43.5,NKEV24050,"RETAIL ONLY 
EMEA RATED 1.5/USO REATED 1 ",109,NK STREETWEAR ESSENTIALS,MODIFIED RECTANGLE,,black,matte,1
301,Sun,6,95.7,NIKE - SEP 2024,PNS-2462A (Street Esntl - Halo Inspired),M,FULL RIM,Sun,56-19-135,GLOBAL,Nike,REC INJ-TRITAN RENEW,NIKE,True,REC INJ-TRITAN RENEW,703,MATTE CYBER / GREY,CHINA ONLY,54.5,43.5,NKEV24050,"RETAIL ONLY 
EMEA RATED 1.5/USO REATED 1 ",109,NK STREETWEAR ESSENTIALS,MODIFIED RECTANGLE,,yellow,matte,1
302,Sun,6,95.7,NIKE - SEP 2024,PNS-2462A (Street Esntl - Halo Inspired),M,FULL RIM,Sun,56-19-135,GLOBAL,Nike,REC INJ-TRITAN RENEW,NIKE,True,REC INJ-TRITAN RENEW,891,TOTAL ORANGE MIRROR,CHINA ONLY,54.5,43.5,NKEV24050,"RETAIL ONLY 
EMEA RATED 1.5/USO REATED 1 ",109,NK STREETWEAR ESSENTIALS,MODIFIED RECTANGLE,,orange,shiny,0
303,Sun,6,95.7,NIKE - SEP 2024,PNS-2462A (Street Esntl - Halo Inspired),M,FULL RIM,Sun,56-19-135,GLOBAL,Nike,REC INJ-TRITAN RENEW,NIKE,True,REC INJ-TRITAN RENEW,900,SILVER MIRROR,CHINA ONLY,54.5,43.5,NKEV24050,"RETAIL ONLY 
EMEA RATED 1.5/USO REATED 1 ",109,NK STREETWEAR ESSENTIALS,MODIFIED RECTANGLE,,silver,shiny,0
304,Sun,6,144.10000000000002,NIKE - SEP 2024,PNS-2463B (Street Halo lens-in-lens),U,FULL RIM,Sun,63-13-135,GLOBAL,Nike,METAL,NIKE,False,METAL,41,SILVER / BLUE / YELLOW,CHINA ONLY,84.5,65.5,NKEV24048,"RETAIL ONLY 
EMEA RATED 1.5/USO RATED 1  ",169,NK STREETWEAR STATEMENT,MODIFIED RECTANGLE,,silver,shiny,1
305,Sun,6,144.10000000000002,NIKE - SEP 2024,PNS-2463B (Street Halo lens-in-lens),U,FULL RIM,Sun,63-13-135,GLOBAL,Nike,METAL,NIKE,False,METAL,43,SILVER/GREEN  MIR/INFRARED MIR,CHINA ONLY,84.5,65.5,NKEV24048,"RETAIL ONLY 
EMEA RATED 1.5/USO RATED 1  ",169,NK STREETWEAR STATEMENT,MODIFIED RECTANGLE,,silver,shiny,1
306,Sun,6,144.10000000000002,NIKE - SEP 2024,PNS-2463B (Street Halo lens-in-lens),U,FULL RIM,Sun,63-13-135,GLOBAL,Nike,METAL,NIKE,False,METAL,44,SILVER / GREEN / PINK,CHINA ONLY,84.5,65.5,NKEV24048,"RETAIL ONLY 
EMEA RATED 1.5/USO RATED 1  ",169,NK STREETWEAR STATEMENT,MODIFIED RECTANGLE,,silver,shiny,1
307,Sun,6,144.10000000000002,NIKE - SEP 2024,PNS-2463B (Street Halo lens-in-lens),U,FULL RIM,Sun,63-13-135,GLOBAL,Nike,METAL,NIKE,False,METAL,708,GOLD / GREY / CLEAR,CHINA ONLY,84.5,65.5,NKEV24048,"RETAIL ONLY 
EMEA RATED 1.5/USO RATED 1  ",169,NK STREETWEAR STATEMENT,MODIFIED RECTANGLE,,gold,shiny,1
308,Sun,6,144.10000000000002,NIKE - SEP 2024,PNS-2463C (Street Halo lens-in-lens),U,FULL RIM,Sun,57-14-135,GLOBAL,Nike,METAL,NIKE,False,METAL,40,SILVER / GREY / LIGHT GREY,CHINA ONLY,84.5,65.5,NKEV24049,,169,NK STREETWEAR STATEMENT,SQUARE,,silver,shiny,1
309,Sun,6,144.10000000000002,NIKE - SEP 2024,PNS-2463C (Street Halo lens-in-lens),U,FULL RIM,Sun,57-14-135,GLOBAL,Nike,METAL,NIKE,False,METAL,41,SILVER / BLUE / YELLOW,CHINA ONLY,84.5,65.5,NKEV24049,,169,NK STREETWEAR STATEMENT,SQUARE,,silver,shiny,1
310,Sun,6,144.10000000000002,NIKE - SEP 2024,PNS-2463C (Street Halo lens-in-lens),U,FULL RIM,Sun,57-14-135,GLOBAL,Nike,METAL,NIKE,False,METAL,43,SILVER/GREEN  MIR/INFRARED MIR,CHINA ONLY,84.5,65.5,NKEV24049,,169,NK STREETWEAR STATEMENT,SQUARE,,silver,shiny,1
311,Sun,6,144.10000000000002,NIKE - SEP 2024,PNS-2463C (Street Halo lens-in-lens),U,FULL RIM,Sun,57-14-135,GLOBAL,Nike,METAL,NIKE,False,METAL,708,GOLD / SILVER MIR / GOLD MIR,CHINA ONLY,84.5,65.5,NKEV24049,,169,NK STREETWEAR STATEMENT,SQUARE,ad image,gold,shiny,1
312,Sun,8,183.70000000000002,NIKE - SEP 2024,PNS-2407A (Halo Takedown),M,SEMI-RIMLESS,Sun,76-05-125,GLOBAL,Nike,TITANIUM,NIKE,False,TITANIUM,410,BLUE / BLUE MIRROR,CHINA ONLY,120.0,83.5,NKEV24030,,240,NK PERFORMANCE ELITE,MODIFIED RECTANGLE,,blue,shiny,1
313,Sun,8,183.70000000000002,NIKE - SEP 2024,PNS-2407A (Halo Takedown),M,SEMI-RIMLESS,Sun,76-05-125,GLOBAL,Nike,TITANIUM,NIKE,False,TITANIUM,700,GOLD / GOLD MIRROR,CHINA ONLY,120.0,83.5,NKEV24030,,240,NK PERFORMANCE ELITE,MODIFIED RECTANGLE,,gold,shiny,1
314,Sun,8,209.00000000000003,NIKE - SEP 2024,PNS-2407A (Halo Takedown),M,SEMI-RIMLESS,Sun,76-05-125,GLOBAL,Nike,TITANIUM,NIKE,False,TITANIUM,891,TOTAL ORANGE / ROAD TINT ORANGE MIRROR,CHINA ONLY,125.0,95.0,NKEV24031,,250,NK PERFORMANCE ELITE,MODIFIED RECTANGLE,,orange,shiny,1
315,Sun,8,218.9,NIKE - SEP 2024,PNS-2407A (Halo Takedown),M,SEMI-RIMLESS,Sun,76-05-125,GLOBAL,Nike,TITANIUM,NIKE,False,TITANIUM,10,MATTE BLACK / POLAR GREY,CHINA ONLY,130.0,99.5,NKEV24032,,260,NK PERFORMANCE ELITE,MODIFIED RECTANGLE,,black,matte,1
